-- phpMyAdmin SQL Dump
-- version 5.1.1
-- https://www.phpmyadmin.net/
--
-- Host: localhost
-- Generation Time: Oct 06, 2022 at 09:00 AM
-- Server version: 10.4.21-MariaDB
-- PHP Version: 8.1.1

SET SQL_MODE = "NO_AUTO_VALUE_ON_ZERO";
START TRANSACTION;
SET time_zone = "+00:00";


/*!40101 SET @OLD_CHARACTER_SET_CLIENT=@@CHARACTER_SET_CLIENT */;
/*!40101 SET @OLD_CHARACTER_SET_RESULTS=@@CHARACTER_SET_RESULTS */;
/*!40101 SET @OLD_COLLATION_CONNECTION=@@COLLATION_CONNECTION */;
/*!40101 SET NAMES utf8mb4 */;

--
-- Database: `sams_db`
--

-- --------------------------------------------------------

--
-- Table structure for table `01_superadmin_tbl`
--

CREATE TABLE `01_superadmin_tbl` (
  `id` int(11) NOT NULL,
  `username` text NOT NULL,
  `password` text NOT NULL,
  `propic` text NOT NULL
) ENGINE=InnoDB DEFAULT CHARSET=utf8mb4;

--
-- Dumping data for table `01_superadmin_tbl`
--

INSERT INTO `01_superadmin_tbl` (`id`, `username`, `password`, `propic`) VALUES
(1, 'ascithub@gmail.com', '8da6aa8c6fb04b854f9edde5dd90b38cbd2e44f378d7ecaa7ff478add313be9e', 'profilepicture07-20-2022_07_51_01481647953.jpg');

-- --------------------------------------------------------

--
-- Table structure for table `02_superadminloginhistory_tbl`
--

CREATE TABLE `02_superadminloginhistory_tbl` (
  `id` int(11) NOT NULL,
  `login_dt` text NOT NULL,
  `login_ip` text NOT NULL,
  `login_status` text NOT NULL
) ENGINE=InnoDB DEFAULT CHARSET=utf8mb4;

--
-- Dumping data for table `02_superadminloginhistory_tbl`
--

INSERT INTO `02_superadminloginhistory_tbl` (`id`, `login_dt`, `login_ip`, `login_status`) VALUES
(1, '2022-07-20 06:44:08', '202.142.99.81', 'Success'),
(2, '2022-07-20 06:48:16', '202.142.99.81', 'Success'),
(3, '2022-07-20 08:18:06', '110.235.218.117', 'Success'),
(4, '2022-07-20 08:22:19', '110.235.218.117', 'Success'),
(5, '2022-07-20 08:23:08', '110.235.218.117', 'Failure due to wrong password used'),
(6, '2022-07-20 08:23:32', '110.235.218.117', 'Success'),
(7, '2022-07-20 09:47:58', '110.235.218.117', 'Success'),
(8, '2022-07-21 05:12:47', '110.235.218.117', 'Success'),
(9, '2022-07-21 05:13:01', '110.235.218.117', 'Success'),
(10, '2022-07-21 13:43:48', '110.235.218.19', 'Success'),
(11, '2022-07-21 13:43:59', '110.235.218.19', 'Success'),
(12, '2022-07-21 13:45:10', '202.142.99.81', 'Success'),
(13, '2022-07-21 13:53:54', '110.235.218.19', 'Success'),
(14, '2022-07-22 10:15:34', '110.235.218.19', 'Success'),
(15, '2022-07-22 10:27:33', '202.142.99.81', 'Success'),
(16, '2022-07-22 10:40:03', '110.235.218.19', 'Success'),
(17, '2022-07-22 15:01:52', '202.142.99.81', 'Success'),
(18, '2022-07-24 12:55:16', '110.235.218.19', 'Success'),
(19, '2022-07-24 13:02:55', '110.235.218.19', 'Success'),
(20, '2022-07-25 04:52:39', '110.235.218.90', 'Success'),
(21, '2022-07-25 06:08:41', '202.142.99.81', 'Success'),
(22, '2022-07-25 12:32:50', '110.235.218.90', 'Success'),
(23, '2022-07-25 12:32:59', '110.235.218.90', 'Success'),
(24, '2022-07-25 12:34:36', '110.235.218.90', 'Success'),
(25, '2022-07-25 12:35:13', '110.235.218.90', 'Success'),
(26, '2022-07-25 13:02:57', '110.235.218.90', 'Success'),
(27, '2022-07-25 13:09:34', '202.142.99.81', 'Success'),
(28, '2022-07-25 13:11:17', '202.142.99.81', 'Success'),
(29, '2022-07-25 13:11:54', '110.235.218.90', 'Success'),
(30, '2022-07-25 13:12:53', '110.235.218.90', 'Success'),
(31, '2022-07-25 13:14:01', '110.235.218.90', 'Success'),
(32, '2022-07-25 13:14:29', '110.235.218.90', 'Success'),
(33, '2022-07-25 13:18:06', '110.235.218.90', 'Success'),
(34, '2022-07-25 14:08:31', '110.235.218.90', 'Success'),
(35, '2022-07-25 17:13:38', '110.235.218.90', 'Success'),
(36, '2022-07-26 05:03:27', '110.235.218.90', 'Success'),
(37, '2022-07-26 05:04:31', '110.235.218.90', 'Failure due to wrong username used'),
(38, '2022-08-04 05:58:27', '202.142.70.177', 'Success'),
(39, '2022-08-04 07:37:06', '110.235.218.73', 'Success'),
(40, '2022-08-04 07:46:25', '202.142.70.177', 'Success'),
(41, '2022-08-04 07:47:15', '202.142.70.177', 'Success'),
(42, '2022-08-04 07:51:03', '110.235.218.73', 'Success'),
(43, '2022-08-04 10:59:15', '47.15.18.87', 'Success'),
(44, '2022-08-04 12:51:56', '110.235.218.73', 'Success'),
(45, '2022-08-06 05:02:26', '110.235.218.35', 'Success'),
(46, '2022-08-08 10:26:43', '110.235.218.173', 'Success'),
(47, '2022-08-09 06:29:36', '110.235.218.173', 'Failure due to wrong username used'),
(48, '2022-08-09 06:30:10', '110.235.218.173', 'Success'),
(49, '2022-08-09 06:30:54', '110.235.218.173', 'Success'),
(50, '2022-08-11 09:19:38', '110.235.218.173', 'Success'),
(51, '2022-08-12 05:12:56', '47.15.16.86', 'Success'),
(52, '2022-08-13 09:16:41', '110.235.218.140', 'Failure due to wrong username used'),
(53, '2022-08-13 09:17:03', '110.235.218.140', 'Failure due to wrong username used'),
(54, '2022-08-13 13:54:33', '202.142.70.198', 'Success'),
(55, '2022-08-13 14:41:57', '110.235.218.140', 'Success'),
(56, '2022-08-13 14:43:57', '110.235.218.140', 'Success'),
(57, '2022-08-13 14:56:29', '110.235.218.140', 'Success'),
(58, '2022-08-14 05:26:05', '110.235.218.140', 'Success'),
(59, '2022-08-18 05:25:57', '110.235.218.219', 'Success'),
(60, '2022-08-19 07:47:29', '110.235.218.2', 'Success'),
(61, '2022-08-19 08:15:44', '110.235.218.2', 'Success'),
(62, '2022-08-20 06:47:23', '202.142.70.198', 'Failure due to wrong username used'),
(63, '2022-08-20 06:47:28', '202.142.70.198', 'Success'),
(64, '2022-08-20 06:53:57', '110.235.218.171', 'Success'),
(65, '2022-08-20 06:54:22', '110.235.218.171', 'Success'),
(66, '2022-08-20 06:56:52', '110.235.218.171', 'Success'),
(67, '2022-08-20 06:57:09', '110.235.218.171', 'Success'),
(68, '2022-08-20 06:59:05', '202.142.70.198', 'Success'),
(69, '2022-08-20 06:59:26', '202.142.70.198', 'Success'),
(70, '2022-08-20 07:00:06', '202.142.70.198', 'Success'),
(71, '2022-08-20 07:47:12', '47.9.108.228', 'Success'),
(72, '2022-08-20 08:14:57', '202.142.70.198', 'Success'),
(73, '2022-08-20 08:15:15', '202.142.70.198', 'Success'),
(74, '2022-08-20 08:15:41', '202.142.70.198', 'Success'),
(75, '2022-08-20 08:15:59', '202.142.70.198', 'Success'),
(76, '2022-08-20 08:16:19', '202.142.70.198', 'Success'),
(77, '2022-08-20 08:17:42', '202.142.70.198', 'Success'),
(78, '2022-08-20 08:29:03', '202.142.70.198', 'Success'),
(79, '2022-08-20 08:29:16', '202.142.70.198', 'Success'),
(80, '2022-08-20 08:39:14', '202.142.70.198', 'Success'),
(81, '2022-08-20 08:40:05', '202.142.70.198', 'Success'),
(82, '2022-08-20 08:43:43', '110.235.218.171', 'Success'),
(83, '2022-08-20 08:44:23', '110.235.218.171', 'Success'),
(84, '2022-08-20 08:45:35', '110.235.218.171', 'Success'),
(85, '2022-08-20 08:46:17', '110.235.218.171', 'Success'),
(86, '2022-08-20 17:54:03', '47.15.36.203', 'Success'),
(87, '2022-08-20 17:54:11', '110.235.218.171', 'Success'),
(88, '2022-08-20 17:55:09', '110.235.218.171', 'Success'),
(89, '2022-08-20 17:56:20', '110.235.218.171', 'Failure due to wrong username used'),
(90, '2022-08-20 17:56:51', '110.235.218.171', 'Success'),
(91, '2022-08-20 18:01:05', '110.235.218.171', 'Success'),
(92, '2022-08-20 18:04:25', '110.235.218.171', 'Success'),
(93, '2022-08-21 05:27:59', '110.235.218.3', 'Success'),
(94, '2022-08-21 05:33:23', '110.235.218.3', 'Success'),
(95, '2022-08-21 05:44:47', '202.142.70.198', 'Success'),
(96, '2022-08-21 06:16:12', '110.235.218.52', 'Success'),
(97, '2022-08-21 06:47:51', '110.235.218.52', 'Success'),
(98, '2022-08-22 08:10:44', '110.235.218.12', 'Success'),
(99, '2022-08-22 09:44:09', '202.142.70.198', 'Failure due to wrong username used'),
(100, '2022-08-22 09:44:14', '202.142.70.198', 'Success'),
(101, '2022-08-22 09:45:18', '202.142.70.198', 'Success'),
(102, '2022-08-29 12:02:39', '202.142.99.234', 'Success'),
(103, '2022-08-29 12:02:53', '202.142.99.234', 'Success'),
(104, '2022-08-29 12:05:08', '202.142.99.234', 'Success'),
(105, '2022-08-29 12:05:17', '202.142.99.234', 'Success'),
(106, '2022-08-29 12:12:55', '202.142.99.234', 'Success'),
(107, '2022-08-29 12:25:45', '110.235.218.72', 'Success'),
(108, '2022-08-29 12:26:32', '110.235.218.72', 'Success'),
(109, '2022-08-31 09:18:56', '110.235.218.72', 'Success'),
(110, '2022-08-31 13:14:10', '110.235.218.72', 'Success'),
(111, '2022-08-31 13:42:20', '110.235.218.72', 'Success'),
(112, '2022-08-31 13:42:37', '110.235.218.72', 'Success'),
(113, '2022-08-31 14:01:02', '110.235.218.72', 'Success'),
(114, '2022-08-31 14:03:08', '110.235.218.72', 'Success'),
(115, '2022-08-31 14:04:01', '110.235.218.72', 'Success'),
(116, '2022-08-31 14:04:23', '110.235.218.72', 'Success'),
(117, '2022-08-31 14:07:45', '110.235.218.72', 'Success'),
(118, '2022-09-01 05:18:04', '110.235.218.72', 'Success'),
(119, '2022-09-01 05:52:48', '110.235.218.72', 'Success'),
(120, '2022-09-01 06:00:49', '110.235.218.72', 'Success'),
(121, '2022-09-01 08:49:28', '110.235.218.72', 'Success'),
(122, '2022-09-02 04:57:53', '110.235.218.72', 'Failure due to wrong username used'),
(123, '2022-09-02 04:58:01', '110.235.218.72', 'Success'),
(124, '2022-09-02 06:05:09', '110.235.218.72', 'Success'),
(125, '2022-09-02 06:49:00', '110.235.218.72', 'Success'),
(126, '2022-09-02 08:00:38', '110.235.218.72', 'Success'),
(127, '2022-09-02 08:16:12', '110.235.218.72', 'Success'),
(128, '2022-09-02 08:18:03', '110.235.218.72', 'Success'),
(129, '2022-09-02 08:31:18', '110.235.218.72', 'Success'),
(130, '2022-09-05 04:58:08', '110.235.218.233', 'Success'),
(131, '2022-09-05 05:01:41', '110.235.218.233', 'Success'),
(132, '2022-09-05 10:32:26', '110.235.218.233', 'Success'),
(133, '2022-09-05 12:03:12', '47.9.156.193', 'Success'),
(134, '2022-09-06 07:21:01', '202.142.99.212', 'Failure due to wrong username used'),
(135, '2022-09-11 05:14:20', '110.235.218.20', 'Success'),
(136, '2022-09-14 14:19:53', '110.235.218.175', 'Success'),
(137, '2022-09-15 04:48:15', '110.235.218.175', 'Success'),
(138, '2022-09-16 06:37:35', '202.142.99.1', 'Success'),
(139, '2022-09-22 06:36:28', '110.235.218.67', 'Success'),
(140, '2022-09-23 05:35:47', '202.142.70.126', 'Success'),
(141, '2022-09-28 12:56:32', '110.235.218.255', 'Success'),
(142, '2022-09-28 12:57:13', '110.235.218.255', 'Success'),
(143, '2022-10-04 04:47:51', '110.235.218.107', 'Success'),
(144, '2022-10-04 05:20:23', '110.235.218.107', 'Success');

-- --------------------------------------------------------

--
-- Table structure for table `03_admin_tbl`
--

CREATE TABLE `03_admin_tbl` (
  `id` int(11) NOT NULL,
  `cname` text NOT NULL,
  `username` text NOT NULL,
  `address1` text NOT NULL,
  `address2` text NOT NULL,
  `city` text NOT NULL,
  `zipcode` text NOT NULL,
  `latitude` text NOT NULL,
  `longitude` text NOT NULL,
  `radius` text NOT NULL,
  `logo` text NOT NULL,
  `mlocation` text NOT NULL,
  `memployee` text NOT NULL,
  `atype` text NOT NULL,
  `empattbyadmin` text NOT NULL,
  `validfrom` text NOT NULL,
  `validtill` text NOT NULL,
  `password` text NOT NULL,
  `profilepic` text NOT NULL,
  `update_dt` text NOT NULL,
  `update_ip` text NOT NULL,
  `auto_logout` text NOT NULL,
  `gmapapi` text DEFAULT NULL,
  `fapi` text DEFAULT NULL
) ENGINE=InnoDB DEFAULT CHARSET=utf8mb4;

--
-- Dumping data for table `03_admin_tbl`
--

INSERT INTO `03_admin_tbl` (`id`, `cname`, `username`, `address1`, `address2`, `city`, `zipcode`, `latitude`, `longitude`, `radius`, `logo`, `mlocation`, `memployee`, `atype`, `empattbyadmin`, `validfrom`, `validtill`, `password`, `profilepic`, `update_dt`, `update_ip`, `auto_logout`, `gmapapi`, `fapi`) VALUES
(1, 'APPLICATION SOFTWARE CONSULTANTS', 'admin@sams.com', 'C 1523,', 'Rajajipuram', 'Lucknow', '226017', '26.83897', '80.88717', '5', '09-02-2022_06_31_351750076494.png', '3', '8', 'selfie', 'yes', '2022-09-28', '2023-09-28', '123456', 'userimg/07-24-2022_10_59_411413217602admin.png', '2022-09-28 12:58:36', '110.235.218.255', 'yes', 'AIzaSyCxp7tH5i5ATJdKgoFOWyXXb6wt0z_a7TQ', 'AAAAjMaR69k:APA91bGKnxmW04uoZcTnmszZ5vJsi7xZneXmRF3_GuWp7fjyOVPj2oX_fcHCVYLuP1XFLQ40mklrEV2HVNofwVBg-E27XlNZDC_LGNkiEnb5nsZss-YRGh-Zv-sCbqGuPiVqzjdvK5IW'),
(2, 'APPLICATION SOFTWARE CONSULTANTS', 'asc@sams.com', 'C 1523,', 'Rajajipuram', 'Lucknow', '226017', '26.83897', '80.88717', '5', '09-02-2022_06_31_351750076494.png', '3', '8', 'selfie', 'yes', '2022-09-28', '2023-09-28', '123456', 'userimg/07-24-2022_10_59_411413217602admin.png', '2022-09-28 12:58:36', '110.235.218.255', 'yes', 'AIzaSyCxp7tH5i5ATJdKgoFOWyXXb6wt0z_a7TQ', 'AAAAjMaR69k:APA91bGKnxmW04uoZcTnmszZ5vJsi7xZneXmRF3_GuWp7fjyOVPj2oX_fcHCVYLuP1XFLQ40mklrEV2HVNofwVBg-E27XlNZDC_LGNkiEnb5nsZss-YRGh-Zv-sCbqGuPiVqzjdvK5IW');

-- --------------------------------------------------------

--
-- Table structure for table `04_department_management`
--

CREATE TABLE `04_department_management` (
  `id` int(10) NOT NULL,
  `departmenet_name` varchar(100) NOT NULL
) ENGINE=InnoDB DEFAULT CHARSET=utf8mb4;

--
-- Dumping data for table `04_department_management`
--

INSERT INTO `04_department_management` (`id`, `departmenet_name`) VALUES
(1, 'HR'),
(2, 'IT'),
(3, 'SUPPORT'),
(4, 'ACCOUNTS'),
(5, 'HEALTH ');

-- --------------------------------------------------------

--
-- Table structure for table `05_employee_management`
--

CREATE TABLE `05_employee_management` (
  `id` int(10) NOT NULL,
  `employee_name` varchar(100) NOT NULL
) ENGINE=InnoDB DEFAULT CHARSET=utf8mb4;

--
-- Dumping data for table `05_employee_management`
--

INSERT INTO `05_employee_management` (`id`, `employee_name`) VALUES
(1, 'Permanent'),
(2, 'Contract'),
(3, 'Temp');

-- --------------------------------------------------------

--
-- Table structure for table `06_designation_management`
--

CREATE TABLE `06_designation_management` (
  `id` int(10) NOT NULL,
  `designation_name` varchar(100) NOT NULL
) ENGINE=InnoDB DEFAULT CHARSET=utf8mb4;

--
-- Dumping data for table `06_designation_management`
--

INSERT INTO `06_designation_management` (`id`, `designation_name`) VALUES
(1, 'CEO'),
(2, 'SUPPORT ENG'),
(3, 'DEVELOPER'),
(4, 'ACCOUNTANT'),
(5, 'INCHARGE'),
(6, 'SUPERVISOR'),
(7, 'MANAGER'),
(8, 'SAFAI KARAMCHARI');

-- --------------------------------------------------------

--
-- Table structure for table `07_leave_management`
--

CREATE TABLE `07_leave_management` (
  `id` int(10) NOT NULL,
  `leave_data` varchar(100) NOT NULL
) ENGINE=InnoDB DEFAULT CHARSET=utf8mb4;

--
-- Dumping data for table `07_leave_management`
--

INSERT INTO `07_leave_management` (`id`, `leave_data`) VALUES
(1, 'CL'),
(2, 'PL'),
(3, 'Emergency'),
(4, 'Medical');

-- --------------------------------------------------------

--
-- Table structure for table `08_deative_reason_management`
--

CREATE TABLE `08_deative_reason_management` (
  `id` int(10) NOT NULL,
  `deactive_reason` varchar(200) NOT NULL
) ENGINE=InnoDB DEFAULT CHARSET=utf8mb4;

--
-- Dumping data for table `08_deative_reason_management`
--

INSERT INTO `08_deative_reason_management` (`id`, `deactive_reason`) VALUES
(1, 'Resigned'),
(2, 'Suspend'),
(3, 'Transfer');

-- --------------------------------------------------------

--
-- Table structure for table `09_public_holiday_ocassion`
--

CREATE TABLE `09_public_holiday_ocassion` (
  `id` int(10) NOT NULL,
  `ocassion` varchar(200) NOT NULL,
  `datee` varchar(200) NOT NULL
) ENGINE=InnoDB DEFAULT CHARSET=utf8mb4;

--
-- Dumping data for table `09_public_holiday_ocassion`
--

INSERT INTO `09_public_holiday_ocassion` (`id`, `ocassion`, `datee`) VALUES
(1, 'Sunday', '2022-08-07'),
(2, 'Rakhi', '2022-08-11'),
(3, 'Independence Day', '2022-08-16'),
(4, '2nd Sunday', '2022-08-14'),
(109, 'test', '2022-08-09'),
(110, 'New Year', '2022-01-01'),
(111, 'Test 10', '2022-02-10'),
(112, 'Test 11', '2022-07-14'),
(113, 'TEST 18', '2022-09-18'),
(114, 'TEST 25', '2022-09-25');

-- --------------------------------------------------------

--
-- Table structure for table `10_user_type`
--

CREATE TABLE `10_user_type` (
  `id` int(10) NOT NULL,
  `user_type` varchar(200) NOT NULL
) ENGINE=InnoDB DEFAULT CHARSET=utf8mb4;

--
-- Dumping data for table `10_user_type`
--

INSERT INTO `10_user_type` (`id`, `user_type`) VALUES
(1, 'Admin'),
(2, 'User');

-- --------------------------------------------------------

--
-- Table structure for table `11_shift_management`
--

CREATE TABLE `11_shift_management` (
  `id` int(10) NOT NULL,
  `shift_name` varchar(100) NOT NULL,
  `from_shift` varchar(200) NOT NULL,
  `to_from` varchar(100) NOT NULL,
  `lunch` varchar(100) NOT NULL,
  `to_lunch` varchar(100) NOT NULL,
  `grace_period` varchar(100) NOT NULL
) ENGINE=InnoDB DEFAULT CHARSET=utf8mb4;

--
-- Dumping data for table `11_shift_management`
--

INSERT INTO `11_shift_management` (`id`, `shift_name`, `from_shift`, `to_from`, `lunch`, `to_lunch`, `grace_period`) VALUES
(1, 'General', '10.00 AM', '18.00 PM', '13.30 PM', '14.00 PM', '15'),
(2, 'Safai Karamchari', '06.00AM', '18.00pm', '12.00pm', '14.00pm', '15');

-- --------------------------------------------------------

--
-- Table structure for table `12_branch_management`
--

CREATE TABLE `12_branch_management` (
  `id` int(11) NOT NULL,
  `branch_type` text NOT NULL,
  `branch_name` text NOT NULL,
  `address_1` text NOT NULL,
  `address_2` text NOT NULL,
  `city` text NOT NULL,
  `pincode` text NOT NULL,
  `contact_no` text NOT NULL,
  `user_type` text NOT NULL,
  `attendance_type` text NOT NULL,
  `latitude` text NOT NULL,
  `longtitude` text NOT NULL,
  `radius_meter` text NOT NULL,
  `attendance_by` int(11) NOT NULL DEFAULT 0
) ENGINE=InnoDB DEFAULT CHARSET=utf8mb4;

--
-- Dumping data for table `12_branch_management`
--

INSERT INTO `12_branch_management` (`id`, `branch_type`, `branch_name`, `address_1`, `address_2`, `city`, `pincode`, `contact_no`, `user_type`, `attendance_type`, `latitude`, `longtitude`, `radius_meter`, `attendance_by`) VALUES
(1, '16', 'Camp Office', 'C 1523', 'Rajajipuram', 'Lucknow', '2260117', '08840483178', '1', '', '26.83897', '80.88717', '100', 0),
(2, '13', 'Head Office', 'E 3294', 'Rajajipuram', 'Lucknow', '226017', '08840483178', '1', '', '26.83897', '80.87717', '100', 1);

-- --------------------------------------------------------

--
-- Table structure for table `13_employee`
--

CREATE TABLE `13_employee` (
  `id` int(10) NOT NULL,
  `branch_id` varchar(10) NOT NULL,
  `employee_id` varchar(10) NOT NULL,
  `employee_name` varchar(200) NOT NULL,
  `employee_father_name` varchar(200) NOT NULL,
  `employee_address_one` varchar(200) NOT NULL,
  `employee_address_two` varchar(200) NOT NULL,
  `city` varchar(200) NOT NULL,
  `pincode` varchar(200) NOT NULL,
  `dob` varchar(200) NOT NULL,
  `mobile_no` varchar(200) NOT NULL,
  `email_address` varchar(200) NOT NULL,
  `department_id` varchar(200) NOT NULL,
  `designation_id` varchar(200) NOT NULL,
  `shift_id` varchar(200) NOT NULL,
  `attendance` varchar(200) NOT NULL,
  `weekoff` text NOT NULL,
  `passwordd` varchar(200) DEFAULT NULL,
  `confirm_password` varchar(200) NOT NULL,
  `emp_image` text DEFAULT NULL,
  `status` int(11) NOT NULL DEFAULT 1,
  `disble_reason` text DEFAULT NULL,
  `sapp_login` int(11) NOT NULL DEFAULT 0
) ENGINE=InnoDB DEFAULT CHARSET=utf8mb4;

--
-- Dumping data for table `13_employee`
--

INSERT INTO `13_employee` (`id`, `branch_id`, `employee_id`, `employee_name`, `employee_father_name`, `employee_address_one`, `employee_address_two`, `city`, `pincode`, `dob`, `mobile_no`, `email_address`, `department_id`, `designation_id`, `shift_id`, `attendance`, `weekoff`, `passwordd`, `confirm_password`, `emp_image`, `status`, `disble_reason`, `sapp_login`) VALUES
(1, '1', '1', 'ANURAG AGRAWAL', 'LATE H.DAS', 'C BLOCK', 'RAJAJIPURMA', 'LUCKNOW', '2260117', '1966-06-15', '8840483178', 'anurag.agrawal.1966@gmail.com', '2', '5', '1', '', 'No week off', '12345678', '12345678', '08-22-2022_05_52_441346020464.jpeg', 1, 'Resigned', 1),
(2, '1', '1', 'KISHAN AGARWAL', 'ANURAG AGRAWAL', 'C BLOCK', 'RAJAJIPURMA', 'LUCKNOW', '2260117', '2001-06-01', '1234567890', 'kishan2001@gmail.com', '2', '3', '1', '', 'Sunday', '12345678', '12345678', '08-06-2022_03_13_33686775288.jpg', 1, 'Resigned', 0),
(3, '2', '2', 'NAVEEN MISHRA', 'DR.', 'MOHAN ROAD', 'HUSSAINGANJ', 'LUCKNOW', '2260117', '1995-08-06', '9876543210', 'naveen@gmai.com', '3', '2', '1', '', 'Sunday', '12345678', '12345678', '08-06-2022_03_17_37452908329.png', 1, NULL, 0),
(4, '2', '1', 'RAJSHRI', 'K.Gupta', 'Yyy', 'Zzz', 'Lucknow', '226017', '1980-01-01', '998877665544', 'rajshri1970@gmail.com', '1', '7', '1', '', 'Sunday', '123456', '123456', '08-23-2022_08_26_501682615956.jpg', 1, NULL, 0),
(5, '2', '1', 'JAI', 'R.K.Gupta', 'Pppp', 'Hhgg', 'Lucknow', '226017', '1990-08-22', '1122334455', 'jai1990@gmail.com', '4', '5', '1', '', 'Sunday', '123456', '123456', '08-22-2022_05_52_111553449382.png', 1, NULL, 1),
(6, '1', '1', 'Ratnesh', 'Late Dr.', 'Ttffg', 'Guii', 'Lucknow', '226019', '1995-08-22', '2233445566', 'ratnesh@gmail.com', '3', '2', '1', '', 'Sunday', '123456', '123456', '08-22-2022_06_15_0831983537.jpeg', 1, NULL, 0),
(7, '1', '1', 'Mansi', 'Shri', 'Yyyyyuuu', 'Gggggh', 'Lucknow', '226001', '1997-11-12', '3344556677', 'mansi@gmail.com', '2', '3', '1', '', 'Sunday', '123456', '123456', '09-22-2022_15_32_42328651722.png', 1, NULL, 0);

-- --------------------------------------------------------

--
-- Table structure for table `14_superadmin_token`
--

CREATE TABLE `14_superadmin_token` (
  `id` int(11) NOT NULL,
  `username` text NOT NULL,
  `token` text NOT NULL
) ENGINE=InnoDB DEFAULT CHARSET=utf8mb4;

-- --------------------------------------------------------

--
-- Table structure for table `15_branch_type_management`
--

CREATE TABLE `15_branch_type_management` (
  `id` int(11) NOT NULL,
  `branch_type_name` text NOT NULL
) ENGINE=InnoDB DEFAULT CHARSET=utf8mb4;

--
-- Dumping data for table `15_branch_type_management`
--

INSERT INTO `15_branch_type_management` (`id`, `branch_type_name`) VALUES
(13, 'HO'),
(14, 'Camp Office'),
(15, 'Ward Office'),
(16, 'Branch Office');

-- --------------------------------------------------------

--
-- Table structure for table `16_admin_token`
--

CREATE TABLE `16_admin_token` (
  `id` int(10) NOT NULL,
  `token` varchar(100) NOT NULL
) ENGINE=InnoDB DEFAULT CHARSET=utf8mb4;

-- --------------------------------------------------------

--
-- Table structure for table `17_notes`
--

CREATE TABLE `17_notes` (
  `id` int(10) NOT NULL,
  `sender_id` varchar(10) NOT NULL,
  `title` varchar(500) NOT NULL,
  `message` text NOT NULL,
  `date` varchar(100) NOT NULL,
  `employee_id` varchar(100) NOT NULL
) ENGINE=InnoDB DEFAULT CHARSET=utf8mb4;

--
-- Dumping data for table `17_notes`
--

INSERT INTO `17_notes` (`id`, `sender_id`, `title`, `message`, `date`, `employee_id`) VALUES
(1, '2', 'abc', 'hii', '15/02/1992', '1,2,3'),
(2, '2', 'abc', 'hii', '15/02/1992', '1,2,3'),
(3, '1', 'Hello', 'Heelo', '10/9/2022', '1'),
(4, '1', 'rrr', 'tttt', '10/9/2022', '1'),
(5, '1', 'hi', 'hello', '12/9/2022', '1'),
(6, '5', 'Hello', 'Hi', '12/9/2022', '1'),
(7, '1', 'hi', 'hello', '25/9/2022', '1'),
(8, '2', 'abc', 'hii', '15/02/1992', '1'),
(9, '2', 'abc', 'hii', '15/02/1992', '2'),
(10, '2', 'abc', 'hii', '15/02/1992', '3'),
(11, '2', 'abc', 'hii', '15/02/1992', '4'),
(12, '2', 'abc', 'hii', '15/02/1992', '5'),
(13, '2', 'abc', 'hii', '15/02/1992', '6');

-- --------------------------------------------------------

--
-- Table structure for table `18_broadcast`
--

CREATE TABLE `18_broadcast` (
  `id` int(10) NOT NULL,
  `sender_id` varchar(100) NOT NULL,
  `title` varchar(100) NOT NULL,
  `message` varchar(2000) NOT NULL,
  `date` varchar(100) NOT NULL,
  `employee_id` varchar(100) NOT NULL
) ENGINE=InnoDB DEFAULT CHARSET=utf8mb4;

--
-- Dumping data for table `18_broadcast`
--

INSERT INTO `18_broadcast` (`id`, `sender_id`, `title`, `message`, `date`, `employee_id`) VALUES
(1, '12', '78', 'jj', 'kjj', '1,2,3'),
(2, '1', 'Hello', 'Hello', '10/9/2022', '1'),
(3, '1', 'tt', 'tttttt', '10/9/2022', '1'),
(4, '1', 'hello', 'hi', '12/9/2022', '1');

-- --------------------------------------------------------

--
-- Table structure for table `019_leave_request`
--

CREATE TABLE `019_leave_request` (
  `id` int(10) NOT NULL,
  `from_date` text NOT NULL,
  `to_date` text NOT NULL,
  `emp_id` int(100) NOT NULL,
  `reason` text NOT NULL,
  `status` int(11) NOT NULL,
  `request_date` text NOT NULL
) ENGINE=InnoDB DEFAULT CHARSET=utf8mb4;

--
-- Dumping data for table `019_leave_request`
--

INSERT INTO `019_leave_request` (`id`, `from_date`, `to_date`, `emp_id`, `reason`, `status`, `request_date`) VALUES
(1, '22/9/2022', '25/9/2022', 7, 'Family Function', 1, '20/9/2022'),
(2, '22/9/2022', '25/9/2022', 2, 'Family Function 2', 2, '20/9/2022'),
(3, '22/9/2022', '25/9/2022', 4, 'Sick Leave', 0, '20/9/2022'),
(4, '29/9/2022', '30/9/2022', 2, 'Family Function', 1, '26/9/2022'),
(5, '28/9/2022', '29/9/2022', 2, 'Hellow', 1, '26/9/2022'),
(6, '28/9/2022', '29/9/2022', 2, 'Hellow', 0, '26/9/2022'),
(7, '28/9/2022', '29/9/2022', 2, 'Hellow', 1, '26/9/2022'),
(8, '28/9/2022', '29/9/2022', 2, 'Hellow', 0, '26/9/2022'),
(9, '28/9/2022', '29/9/2022', 2, 'Hello', 0, '26/9/2022'),
(10, '27/9/2022', '29/9/2022', 2, 'Google', 0, '26/9/2022'),
(11, '27/9/2022', '29/9/2022', 2, 'Google', 0, '26/9/2022'),
(12, '27/9/2022', '29/9/2022', 2, 'Google', 0, '26/9/2022'),
(13, '27/9/2022', '29/9/2022', 2, 'Google', 0, '26/9/2022'),
(14, '27/9/2022', '29/9/2022', 2, 'Google', 0, '26/9/2022'),
(15, '26/9/2022', '28/9/2022', 2, 'Google', 0, '26/9/2022'),
(16, '26/9/2022', '28/9/2022', 2, 'Google', 0, '26/9/2022'),
(17, '28/9/2022', '29/9/2022', 2, 'Hello', 0, '26/9/2022'),
(18, '28/9/2022', '29/9/2022', 2, 'Hello', 0, '26/9/2022'),
(19, '', '', 2, '', 0, '26/9/2022'),
(20, '26/9/2022', '28/9/2022', 2, 'Hello', 0, '26/9/2022'),
(21, '26/9/2022', '28/9/2022', 2, 'Hello', 0, '26/9/2022'),
(22, '26/9/2022', '28/9/2022', 2, 'Hello', 0, '26/9/2022'),
(23, '26/9/2022', '28/9/2022', 2, 'Apple', 0, '26/9/2022'),
(24, '26/9/2022', '28/9/2022', 2, 'Apple', 0, '26/9/2022'),
(25, '28/9/2022', '30/9/2022', 2, 'Apple', 0, '26/9/2022'),
(26, '28/9/2022', '30/9/2022', 3, 'tt', 2, '28/9/2022'),
(27, '29/9/2022', '30/9/2022', 2, 'Medical', 0, '28/9/2022'),
(28, '30/9/2022', '30/9/2022', 3, 'Emergency', 0, '30/9/2022');

-- --------------------------------------------------------

--
-- Table structure for table `20_live_tracking`
--

CREATE TABLE `20_live_tracking` (
  `id` int(10) NOT NULL,
  `date` varchar(10) NOT NULL,
  `emp_id` varchar(10) NOT NULL,
  `latitude` varchar(10) NOT NULL,
  `longitude` varchar(10) NOT NULL
) ENGINE=InnoDB DEFAULT CHARSET=utf8mb4;

--
-- Dumping data for table `20_live_tracking`
--

INSERT INTO `20_live_tracking` (`id`, `date`, `emp_id`, `latitude`, `longitude`) VALUES
(1, '20/9/2022', '2', '107.67', '77.89'),
(2, '20/9/2022', '2', '107.67', '77.89'),
(3, '20/9/2022', '2', '107.67', '77.89'),
(4, '20/9/2022', '1', '107.67', '77.89'),
(5, '20/9/2022', '1', '107.677', '77.899'),
(6, '23/9/2022', '2', '37.4219983', '-122.084'),
(7, '23/9/2022', '1', '37.4219983', '-122.084'),
(8, '23/9/2022', '3', '37.4219983', '-122.084'),
(9, '23/9/2022', '4', '37.4219983', '-122.084'),
(10, '23/9/2022', '5', '37.4219983', '-122.084'),
(11, '23/9/2022', '7', '37.4219983', '-122.084'),
(12, '23/9/2022', '7', '37.4219984', '-122.085'),
(13, '23/9/2022', '2', '37.4219984', '-122.085'),
(14, '27/9/30', '2', '37.4219983', '-122.084'),
(15, '27/9/40', '2', '37.4219983', '-122.084'),
(16, '27/9/50', '2', '37.4219983', '-122.084'),
(17, '27/9/0', '2', '37.4219983', '-122.084'),
(18, '27/9/5', '', '', ''),
(19, '27/9/43', '1', '26.8389487', '80.8871885'),
(20, '27/9/12', '1', '26.8389457', '80.8871911'),
(21, '27/9/22', '1', '26.8389457', '80.8871911'),
(22, '27/9/32', '1', '26.8389457', '80.8871911'),
(23, '27/9/42', '1', '26.8389457', '80.8871911'),
(24, '27/9/52', '1', '26.8389457', '80.8871911'),
(25, '27/9/2', '1', '26.8389457', '80.8871911'),
(26, '27/9/12', '1', '26.8389457', '80.8871911'),
(27, '27/9/22', '1', '26.8389457', '80.8871911'),
(28, '27/9/32', '1', '26.8389457', '80.8871911'),
(29, '27/9/42', '1', '26.8389457', '80.8871911'),
(30, '27/9/48', '1', '37.4219983', '-122.084'),
(31, '27/9/58', '1', '37.4219983', '-122.084'),
(32, '27/9/8', '1', '37.4219983', '-122.084'),
(33, '27/9/18', '1', '37.4219983', '-122.084'),
(34, '27/9/28', '1', '37.4219983', '-122.084'),
(35, '27/9/20', '2', '37.4219983', '-122.084'),
(36, '27/9/30', '2', '37.4219983', '-122.084'),
(37, '27/9/40', '2', '37.4219983', '-122.084'),
(38, '27/9/50', '2', '37.4219983', '-122.084'),
(39, '27/9/0', '2', '37.4219983', '-122.084'),
(40, '27/9/10', '2', '37.4219983', '-122.084'),
(41, '27/9/20', '2', '37.4219983', '-122.084'),
(42, '27/9/30', '2', '37.4219983', '-122.084'),
(43, '27/9/40', '2', '37.4219983', '-122.084'),
(44, '27/9/50', '2', '37.4219983', '-122.084'),
(45, '27/9/0', '2', '37.4219983', '-122.084'),
(46, '27/9/10', '2', '37.4219983', '-122.084'),
(47, '27/9/20', '2', '37.4219983', '-122.084'),
(48, '27/9/30', '2', '37.4219983', '-122.084'),
(49, '27/9/40', '2', '37.4219983', '-122.084'),
(50, '27/9/50', '2', '37.4219983', '-122.084'),
(51, '27/9/0', '2', '37.4219983', '-122.084'),
(52, '27/9/10', '2', '37.4219983', '-122.084'),
(53, '28/9/10', '1', '26.8389633', '80.8871808'),
(54, '28/9/20', '1', '26.8389633', '80.8871808'),
(55, '28/9/30', '1', '26.8389633', '80.8871808'),
(56, '28/9/40', '1', '26.8389633', '80.8871808'),
(57, '28/9/50', '1', '26.8389633', '80.8871808'),
(58, '28/9/45', '1', '26.8389558', '80.8871867'),
(59, '28/9/55', '1', '26.8389558', '80.8871867'),
(60, '28/9/5', '1', '26.8389558', '80.8871867'),
(61, '28/9/24', '1', '26.8389453', '80.8871884'),
(62, '28/9/34', '1', '26.8389453', '80.8871884'),
(63, '28/9/44', '1', '26.8389453', '80.8871884'),
(64, '28/9/54', '1', '26.8389453', '80.8871884'),
(65, '28/9/4', '1', '26.8389453', '80.8871884'),
(66, '28/9/26', '1', '26.8389457', '80.88719'),
(67, '28/9/36', '1', '26.8389457', '80.88719'),
(68, '28/9/46', '1', '26.8389457', '80.88719'),
(69, '28/9/56', '1', '26.8389457', '80.88719'),
(70, '28/9/6', '1', '26.8389457', '80.88719'),
(71, '28/9/16', '1', '26.8389457', '80.88719'),
(72, '28/9/26', '1', '26.8389457', '80.88719'),
(73, '28/9/36', '1', '26.8389457', '80.88719'),
(74, '28/9/46', '1', '26.8389457', '80.88719'),
(75, '28/9/56', '1', '26.8389457', '80.88719'),
(76, '28/9/6', '1', '26.8389457', '80.88719'),
(77, '28/9/16', '1', '26.8389457', '80.88719'),
(78, '28/9/26', '1', '26.8389457', '80.88719'),
(79, '28/9/25', '2', '37.4219983', '-122.084'),
(80, '28/9/36', '1', '26.8389457', '80.88719'),
(81, '28/9/35', '2', '37.4219983', '-122.084'),
(82, '28/9/46', '1', '26.8389457', '80.88719'),
(83, '28/9/45', '2', '37.4219983', '-122.084'),
(84, '28/9/56', '1', '26.8389457', '80.88719'),
(85, '28/9/55', '2', '37.4219983', '-122.084'),
(86, '28/9/6', '1', '26.8389457', '80.88719'),
(87, '28/9/5', '2', '37.4219983', '-122.084'),
(88, '28/9/16', '1', '26.8389457', '80.88719'),
(89, '28/9/15', '2', '37.4219983', '-122.084'),
(90, '28/9/26', '1', '26.8389457', '80.88719'),
(91, '28/9/25', '2', '37.4219983', '-122.084'),
(92, '28/9/36', '1', '26.8389457', '80.88719'),
(93, '28/9/35', '2', '37.4219983', '-122.084'),
(94, '28/9/46', '1', '26.8389457', '80.88719'),
(95, '28/9/45', '2', '37.4219983', '-122.084'),
(96, '28/9/56', '1', '26.8389457', '80.88719'),
(97, '28/9/55', '2', '37.4219983', '-122.084'),
(98, '28/9/6', '1', '26.8389457', '80.88719'),
(99, '28/9/5', '2', '37.4219983', '-122.084'),
(100, '28/9/16', '1', '26.8389457', '80.88719'),
(101, '28/9/15', '2', '37.4219983', '-122.084'),
(102, '28/9/26', '1', '26.8389457', '80.88719'),
(103, '28/9/25', '2', '37.4219983', '-122.084'),
(104, '28/9/36', '1', '26.8389457', '80.88719'),
(105, '28/9/35', '2', '37.4219983', '-122.084'),
(106, '28/9/46', '1', '26.8389457', '80.88719'),
(107, '28/9/45', '2', '37.4219983', '-122.084'),
(108, '28/9/55', '2', '37.4219983', '-122.084'),
(109, '28/9/6', '1', '26.8389457', '80.88719'),
(110, '28/9/56', '1', '26.8389457', '80.88719'),
(111, '28/9/5', '2', '37.4219983', '-122.084'),
(112, '28/9/16', '1', '26.8389457', '80.88719'),
(113, '28/9/15', '2', '37.4219983', '-122.084'),
(114, '28/9/25', '2', '37.4219983', '-122.084'),
(115, '28/9/26', '1', '26.8389457', '80.88719'),
(116, '28/9/36', '1', '26.8389457', '80.88719'),
(117, '28/9/35', '2', '37.4219983', '-122.084'),
(118, '28/9/46', '1', '26.8389457', '80.88719'),
(119, '28/9/45', '2', '37.4219983', '-122.084'),
(120, '28/9/56', '1', '26.8389457', '80.88719'),
(121, '28/9/55', '2', '37.4219983', '-122.084'),
(122, '28/9/6', '1', '26.8389457', '80.88719'),
(123, '28/9/5', '2', '37.4219983', '-122.084'),
(124, '28/9/15', '2', '37.4219983', '-122.084'),
(125, '28/9/26', '1', '26.8389457', '80.88719'),
(126, '28/9/25', '2', '37.4219983', '-122.084'),
(127, '28/9/35', '2', '37.4219983', '-122.084'),
(128, '28/9/36', '1', '26.8389457', '80.88719'),
(129, '28/9/45', '2', '37.4219983', '-122.084'),
(130, '28/9/46', '1', '26.8389457', '80.88719'),
(131, '28/9/56', '1', '26.8389457', '80.88719'),
(132, '28/9/55', '2', '37.4219983', '-122.084'),
(133, '28/9/6', '1', '26.8389457', '80.88719'),
(134, '28/9/5', '2', '37.4219983', '-122.084'),
(135, '28/9/16', '1', '26.8389457', '80.88719'),
(136, '28/9/15', '2', '37.4219983', '-122.084'),
(137, '28/9/26', '1', '26.8389457', '80.88719'),
(138, '28/9/25', '2', '37.4219983', '-122.084'),
(139, '28/9/36', '1', '26.8389457', '80.88719'),
(140, '28/9/35', '2', '37.4219983', '-122.084'),
(141, '28/9/46', '1', '26.8389457', '80.88719'),
(142, '28/9/45', '2', '37.4219983', '-122.084'),
(143, '28/9/56', '1', '26.8389457', '80.88719'),
(144, '28/9/55', '2', '37.4219983', '-122.084'),
(145, '28/9/5', '2', '37.4219983', '-122.084'),
(146, '28/9/6', '1', '26.8389457', '80.88719'),
(147, '28/9/16', '1', '26.8389457', '80.88719'),
(148, '28/9/15', '2', '37.4219983', '-122.084'),
(149, '28/9/25', '2', '37.4219983', '-122.084'),
(150, '28/9/26', '1', '26.8389457', '80.88719'),
(151, '28/9/36', '1', '26.8389457', '80.88719'),
(152, '28/9/35', '2', '37.4219983', '-122.084'),
(153, '28/9/46', '1', '26.8389457', '80.88719'),
(154, '28/9/45', '2', '37.4219983', '-122.084'),
(155, '28/9/56', '1', '26.8389457', '80.88719'),
(156, '28/9/55', '2', '37.4219983', '-122.084'),
(157, '28/9/6', '1', '26.8389457', '80.88719'),
(158, '28/9/5', '2', '37.4219983', '-122.084'),
(159, '28/9/16', '1', '26.8389457', '80.88719'),
(160, '28/9/15', '2', '37.4219983', '-122.084'),
(161, '28/9/26', '1', '26.8389457', '80.88719'),
(162, '28/9/25', '2', '37.4219983', '-122.084'),
(163, '28/9/36', '1', '26.8389457', '80.88719'),
(164, '28/9/35', '2', '37.4219983', '-122.084'),
(165, '28/9/45', '2', '37.4219983', '-122.084'),
(166, '28/9/55', '2', '37.4219983', '-122.084'),
(167, '28/9/56', '1', '26.8389457', '80.88719'),
(168, '28/9/5', '2', '37.4219983', '-122.084'),
(169, '28/9/6', '1', '26.8389457', '80.88719'),
(170, '28/9/16', '1', '26.8389457', '80.88719'),
(171, '28/9/15', '2', '37.4219983', '-122.084'),
(172, '28/9/25', '2', '37.4219983', '-122.084'),
(173, '28/9/26', '1', '26.8389457', '80.88719'),
(174, '28/9/36', '1', '26.8389457', '80.88719'),
(175, '28/9/35', '2', '37.4219983', '-122.084'),
(176, '28/9/46', '1', '26.8389457', '80.88719'),
(177, '28/9/45', '2', '37.4219983', '-122.084'),
(178, '28/9/56', '1', '26.8389457', '80.88719'),
(179, '28/9/55', '2', '37.4219983', '-122.084'),
(180, '28/9/6', '1', '26.8389457', '80.88719'),
(181, '28/9/5', '2', '37.4219983', '-122.084'),
(182, '28/9/16', '1', '26.8389457', '80.88719'),
(183, '28/9/15', '2', '37.4219983', '-122.084'),
(184, '28/9/26', '1', '26.8389457', '80.88719'),
(185, '28/9/25', '2', '37.4219983', '-122.084'),
(186, '28/9/36', '1', '26.8389457', '80.88719'),
(187, '28/9/35', '2', '37.4219983', '-122.084'),
(188, '28/9/46', '1', '26.8389457', '80.88719'),
(189, '28/9/45', '2', '37.4219983', '-122.084'),
(190, '28/9/56', '1', '26.8389457', '80.88719'),
(191, '28/9/55', '2', '37.4219983', '-122.084'),
(192, '28/9/6', '1', '26.8389457', '80.88719'),
(193, '28/9/5', '2', '37.4219983', '-122.084'),
(194, '28/9/16', '1', '26.8389457', '80.88719'),
(195, '28/9/15', '2', '37.4219983', '-122.084'),
(196, '28/9/26', '1', '26.8389457', '80.88719'),
(197, '28/9/25', '2', '37.4219983', '-122.084'),
(198, '28/9/36', '1', '26.8389457', '80.88719'),
(199, '28/9/35', '2', '37.4219983', '-122.084'),
(200, '28/9/46', '1', '26.8389457', '80.88719'),
(201, '28/9/45', '2', '37.4219983', '-122.084'),
(202, '28/9/56', '1', '26.8389457', '80.88719'),
(203, '28/9/55', '2', '37.4219983', '-122.084'),
(204, '28/9/6', '1', '26.8389457', '80.88719'),
(205, '28/9/5', '2', '37.4219983', '-122.084'),
(206, '28/9/16', '1', '26.8389457', '80.88719'),
(207, '28/9/15', '2', '37.4219983', '-122.084'),
(208, '28/9/26', '1', '26.8389457', '80.88719'),
(209, '28/9/25', '2', '37.4219983', '-122.084'),
(210, '28/9/36', '1', '26.8389457', '80.88719'),
(211, '28/9/46', '1', '26.8389457', '80.88719'),
(212, '28/9/56', '1', '26.8389457', '80.88719'),
(213, '28/9/6', '1', '26.8389457', '80.88719'),
(214, '28/9/16', '1', '26.8389457', '80.88719'),
(215, '28/9/26', '1', '26.8389457', '80.88719'),
(216, '28/9/36', '1', '26.8389457', '80.88719'),
(217, '28/9/46', '1', '26.8389457', '80.88719'),
(218, '28/9/56', '1', '26.8389457', '80.88719'),
(219, '28/9/6', '1', '26.8389457', '80.88719'),
(220, '28/9/16', '1', '26.8389457', '80.88719'),
(221, '28/9/26', '1', '26.8389457', '80.88719'),
(222, '28/9/36', '1', '26.8389457', '80.88719'),
(223, '28/9/46', '1', '26.8389457', '80.88719'),
(224, '28/9/56', '1', '26.8389457', '80.88719'),
(225, '28/9/6', '1', '26.8389457', '80.88719'),
(226, '28/9/16', '1', '26.8389457', '80.88719'),
(227, '28/9/26', '1', '26.8389457', '80.88719'),
(228, '28/9/36', '1', '26.8389457', '80.88719'),
(229, '28/9/46', '1', '26.8389457', '80.88719'),
(230, '28/9/56', '1', '26.8389457', '80.88719'),
(231, '28/9/6', '1', '26.8389457', '80.88719'),
(232, '28/9/16', '1', '26.8389457', '80.88719'),
(233, '28/9/26', '1', '26.8389457', '80.88719'),
(234, '28/9/36', '1', '26.8389457', '80.88719'),
(235, '28/9/46', '1', '26.8389457', '80.88719'),
(236, '28/9/56', '1', '26.8389457', '80.88719'),
(237, '28/9/6', '1', '26.8389457', '80.88719'),
(238, '28/9/16', '1', '26.8389457', '80.88719'),
(239, '28/9/26', '1', '26.8389457', '80.88719'),
(240, '28/9/36', '1', '26.8389457', '80.88719'),
(241, '28/9/46', '1', '26.8389457', '80.88719'),
(242, '28/9/56', '1', '26.8389457', '80.88719'),
(243, '28/9/6', '1', '26.8389457', '80.88719'),
(244, '28/9/16', '1', '26.8389457', '80.88719'),
(245, '28/9/26', '1', '26.8389457', '80.88719'),
(246, '28/9/36', '1', '26.8389457', '80.88719'),
(247, '28/9/46', '1', '26.8389457', '80.88719'),
(248, '28/9/6', '1', '26.8389457', '80.88719'),
(249, '28/9/16', '1', '26.8389457', '80.88719'),
(250, '28/9/36', '1', '26.8389457', '80.88719'),
(251, '28/9/46', '1', '26.8389457', '80.88719'),
(252, '28/9/56', '1', '26.8389457', '80.88719'),
(253, '28/9/6', '1', '26.8389457', '80.88719'),
(254, '28/9/16', '1', '26.8389457', '80.88719'),
(255, '28/9/26', '1', '26.8389457', '80.88719'),
(256, '28/9/36', '1', '26.8389457', '80.88719'),
(257, '28/9/46', '1', '26.8389457', '80.88719'),
(258, '28/9/56', '1', '26.8389457', '80.88719'),
(259, '28/9/16', '1', '26.8389457', '80.88719'),
(260, '28/9/26', '1', '26.8389457', '80.88719'),
(261, '28/9/36', '1', '26.8389457', '80.88719'),
(262, '28/9/46', '1', '26.8389457', '80.88719'),
(263, '28/9/56', '1', '26.8389457', '80.88719'),
(264, '28/9/6', '1', '26.8389457', '80.88719'),
(265, '28/9/16', '1', '26.8389457', '80.88719'),
(266, '28/9/26', '1', '26.8389457', '80.88719'),
(267, '28/9/36', '1', '26.8389457', '80.88719'),
(268, '28/9/46', '1', '26.8389457', '80.88719'),
(269, '28/9/56', '1', '26.8389457', '80.88719'),
(270, '28/9/6', '1', '26.8389457', '80.88719'),
(271, '28/9/16', '1', '26.8389457', '80.88719'),
(272, '28/9/26', '1', '26.8389457', '80.88719'),
(273, '28/9/36', '1', '26.8389457', '80.88719'),
(274, '28/9/46', '1', '26.8389457', '80.88719'),
(275, '28/9/56', '1', '26.8389457', '80.88719'),
(276, '28/9/6', '1', '26.8389457', '80.88719'),
(277, '28/9/16', '1', '26.8389457', '80.88719'),
(278, '28/9/26', '1', '26.8389457', '80.88719'),
(279, '28/9/36', '1', '26.8389457', '80.88719'),
(280, '28/9/46', '1', '26.8389457', '80.88719'),
(281, '28/9/56', '1', '26.8389457', '80.88719'),
(282, '28/9/6', '1', '26.8389457', '80.88719'),
(283, '28/9/16', '1', '26.8389457', '80.88719'),
(284, '28/9/26', '1', '26.8389457', '80.88719'),
(285, '28/9/36', '1', '26.8389457', '80.88719'),
(286, '28/9/46', '1', '26.8389457', '80.88719'),
(287, '28/9/56', '1', '26.8389457', '80.88719'),
(288, '28/9/6', '1', '26.8389457', '80.88719'),
(289, '28/9/16', '1', '26.8389457', '80.88719'),
(290, '28/9/26', '1', '26.8389457', '80.88719'),
(291, '28/9/36', '1', '26.8389457', '80.88719'),
(292, '28/9/46', '1', '26.8389457', '80.88719'),
(293, '28/9/56', '1', '26.8389457', '80.88719'),
(294, '28/9/6', '1', '26.8389457', '80.88719'),
(295, '28/9/16', '1', '26.8389457', '80.88719'),
(296, '28/9/26', '1', '26.8389457', '80.88719'),
(297, '28/9/36', '1', '26.8389457', '80.88719'),
(298, '28/9/46', '1', '26.8389457', '80.88719'),
(299, '28/9/56', '1', '26.8389457', '80.88719'),
(300, '28/9/6', '1', '26.8389457', '80.88719'),
(301, '28/9/16', '1', '26.8389457', '80.88719'),
(302, '28/9/26', '1', '26.8389457', '80.88719'),
(303, '28/9/36', '1', '26.8389457', '80.88719'),
(304, '28/9/46', '1', '26.8389457', '80.88719'),
(305, '28/9/56', '1', '26.8389457', '80.88719'),
(306, '28/9/6', '1', '26.8389457', '80.88719'),
(307, '28/9/16', '1', '26.8389457', '80.88719'),
(308, '28/9/26', '1', '26.8389457', '80.88719'),
(309, '28/9/36', '1', '26.8389457', '80.88719'),
(310, '28/9/46', '1', '26.8389457', '80.88719'),
(311, '28/9/6', '1', '26.8389457', '80.88719'),
(312, '28/9/16', '1', '26.8389457', '80.88719'),
(313, '28/9/26', '1', '26.8389457', '80.88719'),
(314, '28/9/36', '1', '26.8389457', '80.88719'),
(315, '28/9/46', '1', '26.8389457', '80.88719'),
(316, '28/9/56', '1', '26.8389457', '80.88719'),
(317, '28/9/6', '1', '26.8389457', '80.88719'),
(318, '28/9/16', '1', '26.8389457', '80.88719'),
(319, '28/9/26', '1', '26.8389457', '80.88719'),
(320, '28/9/36', '1', '26.8389457', '80.88719'),
(321, '28/9/46', '1', '26.8389457', '80.88719'),
(322, '28/9/56', '1', '26.8389457', '80.88719'),
(323, '28/9/6', '1', '26.8389457', '80.88719'),
(324, '28/9/16', '1', '26.8389457', '80.88719'),
(325, '28/9/26', '1', '26.8389457', '80.88719'),
(326, '28/9/36', '1', '26.8389457', '80.88719'),
(327, '28/9/46', '1', '26.8389457', '80.88719'),
(328, '28/9/56', '1', '26.8389457', '80.88719'),
(329, '28/9/6', '1', '26.8389457', '80.88719'),
(330, '28/9/16', '1', '26.8389457', '80.88719'),
(331, '28/9/26', '1', '26.8389457', '80.88719'),
(332, '28/9/36', '1', '26.8389457', '80.88719'),
(333, '28/9/46', '1', '26.8389457', '80.88719'),
(334, '28/9/56', '1', '26.8389457', '80.88719'),
(335, '28/9/6', '1', '26.8389457', '80.88719'),
(336, '28/9/16', '1', '26.8389457', '80.88719'),
(337, '28/9/26', '1', '26.8389457', '80.88719'),
(338, '28/9/36', '1', '26.8389457', '80.88719'),
(339, '28/9/46', '1', '26.8389457', '80.88719'),
(340, '28/9/56', '1', '26.8389457', '80.88719'),
(341, '28/9/6', '1', '26.8389457', '80.88719'),
(342, '28/9/16', '1', '26.8389457', '80.88719'),
(343, '28/9/26', '1', '26.8389457', '80.88719'),
(344, '28/9/36', '1', '26.8389457', '80.88719'),
(345, '28/9/46', '1', '26.8389457', '80.88719'),
(346, '28/9/56', '1', '26.8389457', '80.88719'),
(347, '28/9/6', '1', '26.8389457', '80.88719'),
(348, '28/9/16', '1', '26.8389457', '80.88719'),
(349, '28/9/26', '1', '26.8389457', '80.88719'),
(350, '28/9/36', '1', '26.8389457', '80.88719'),
(351, '28/9/46', '1', '26.8389457', '80.88719'),
(352, '28/9/56', '1', '26.8389457', '80.88719'),
(353, '28/9/6', '1', '26.8389457', '80.88719'),
(354, '28/9/16', '1', '26.8389457', '80.88719'),
(355, '28/9/26', '1', '26.8389457', '80.88719'),
(356, '28/9/36', '1', '26.8389457', '80.88719'),
(357, '28/9/46', '1', '26.8389457', '80.88719'),
(358, '28/9/56', '1', '26.8389457', '80.88719'),
(359, '28/9/6', '1', '26.8389457', '80.88719'),
(360, '28/9/16', '1', '26.8389457', '80.88719'),
(361, '28/9/26', '1', '26.8389457', '80.88719'),
(362, '28/9/36', '1', '26.8389457', '80.88719'),
(363, '28/9/46', '1', '26.8389457', '80.88719'),
(364, '28/9/56', '1', '26.8389457', '80.88719'),
(365, '28/9/6', '1', '26.8389457', '80.88719'),
(366, '28/9/16', '1', '26.8389457', '80.88719'),
(367, '28/9/26', '1', '26.8389457', '80.88719'),
(368, '28/9/36', '1', '26.8389457', '80.88719'),
(369, '28/9/46', '1', '26.8389457', '80.88719'),
(370, '28/9/56', '1', '26.8389457', '80.88719'),
(371, '28/9/6', '1', '26.8389457', '80.88719'),
(372, '28/9/16', '1', '26.8389457', '80.88719'),
(373, '28/9/26', '1', '26.8389457', '80.88719'),
(374, '28/9/36', '1', '26.8389457', '80.88719'),
(375, '28/9/46', '1', '26.8389457', '80.88719'),
(376, '28/9/56', '1', '26.8389457', '80.88719'),
(377, '28/9/6', '1', '26.8389457', '80.88719'),
(378, '28/9/16', '1', '26.8389457', '80.88719'),
(379, '28/9/26', '1', '26.8389457', '80.88719'),
(380, '28/9/36', '1', '26.8389457', '80.88719'),
(381, '28/9/46', '1', '26.8389457', '80.88719'),
(382, '28/9/56', '1', '26.8389457', '80.88719'),
(383, '28/9/6', '1', '26.8389457', '80.88719'),
(384, '28/9/16', '1', '26.8389457', '80.88719'),
(385, '28/9/26', '1', '26.8389457', '80.88719'),
(386, '28/9/11', '1', '26.8389516', '80.8871885'),
(387, '28/9/21', '1', '26.8389516', '80.8871885'),
(388, '28/9/31', '1', '26.8389516', '80.8871885'),
(389, '28/9/41', '1', '26.8389516', '80.8871885'),
(390, '28/9/51', '1', '26.8389516', '80.8871885'),
(391, '28/9/1', '1', '26.8389516', '80.8871885'),
(392, '28/9/11', '1', '26.8389516', '80.8871885'),
(393, '28/9/21', '1', '26.8389516', '80.8871885'),
(394, '28/9/31', '1', '26.8389516', '80.8871885'),
(395, '28/9/41', '1', '26.8389516', '80.8871885'),
(396, '28/9/51', '1', '26.8389516', '80.8871885'),
(397, '28/9/1', '1', '26.8389516', '80.8871885'),
(398, '28/9/11', '1', '26.8389516', '80.8871885'),
(399, '28/9/21', '1', '26.8389516', '80.8871885'),
(400, '28/9/31', '1', '26.8389516', '80.8871885'),
(401, '28/9/41', '1', '26.8389516', '80.8871885'),
(402, '28/9/51', '1', '26.8389516', '80.8871885'),
(403, '28/9/1', '1', '26.8389516', '80.8871885'),
(404, '28/9/11', '1', '26.8389516', '80.8871885'),
(405, '28/9/21', '1', '26.8389516', '80.8871885'),
(406, '28/9/31', '1', '26.8389516', '80.8871885'),
(407, '28/9/41', '1', '26.8389516', '80.8871885'),
(408, '28/9/51', '1', '26.8389516', '80.8871885'),
(409, '28/9/1', '1', '26.8389516', '80.8871885'),
(410, '28/9/11', '1', '26.8389516', '80.8871885'),
(411, '28/9/21', '1', '26.8389516', '80.8871885'),
(412, '28/9/31', '1', '26.8389516', '80.8871885'),
(413, '28/9/41', '1', '26.8389516', '80.8871885'),
(414, '28/9/51', '1', '26.8389516', '80.8871885'),
(415, '28/9/1', '1', '26.8389516', '80.8871885'),
(416, '28/9/11', '1', '26.8389516', '80.8871885'),
(417, '28/9/21', '1', '26.8389516', '80.8871885'),
(418, '28/9/31', '1', '26.8389516', '80.8871885'),
(419, '28/9/41', '1', '26.8389516', '80.8871885'),
(420, '28/9/51', '1', '26.8389516', '80.8871885'),
(421, '28/9/1', '1', '26.8389516', '80.8871885'),
(422, '28/9/11', '1', '26.8389516', '80.8871885'),
(423, '28/9/21', '1', '26.8389516', '80.8871885'),
(424, '28/9/31', '1', '26.8389516', '80.8871885'),
(425, '28/9/41', '1', '26.8389516', '80.8871885'),
(426, '28/9/51', '1', '26.8389516', '80.8871885'),
(427, '28/9/1', '1', '26.8389516', '80.8871885'),
(428, '28/9/11', '1', '26.8389516', '80.8871885'),
(429, '28/9/21', '1', '26.8389516', '80.8871885'),
(430, '28/9/31', '1', '26.8389516', '80.8871885'),
(431, '28/9/41', '1', '26.8389516', '80.8871885'),
(432, '28/9/51', '1', '26.8389516', '80.8871885'),
(433, '28/9/1', '1', '26.8389516', '80.8871885'),
(434, '28/9/11', '1', '26.8389516', '80.8871885'),
(435, '28/9/21', '1', '26.8389516', '80.8871885'),
(436, '28/9/31', '1', '26.8389516', '80.8871885'),
(437, '28/9/41', '1', '26.8389516', '80.8871885'),
(438, '28/9/51', '1', '26.8389516', '80.8871885'),
(439, '28/9/1', '1', '26.8389516', '80.8871885'),
(440, '28/9/11', '1', '26.8389516', '80.8871885'),
(441, '28/9/21', '1', '26.8389516', '80.8871885'),
(442, '28/9/31', '1', '26.8389516', '80.8871885'),
(443, '28/9/41', '1', '26.8389516', '80.8871885'),
(444, '28/9/51', '1', '26.8389516', '80.8871885'),
(445, '28/9/1', '1', '26.8389516', '80.8871885'),
(446, '28/9/11', '1', '26.8389516', '80.8871885'),
(447, '28/9/21', '1', '26.8389516', '80.8871885'),
(448, '28/9/31', '1', '26.8389516', '80.8871885'),
(449, '28/9/41', '1', '26.8389516', '80.8871885'),
(450, '28/9/51', '1', '26.8389516', '80.8871885'),
(451, '28/9/1', '1', '26.8389516', '80.8871885'),
(452, '28/9/11', '1', '26.8389516', '80.8871885'),
(453, '28/9/21', '1', '26.8389516', '80.8871885'),
(454, '28/9/31', '1', '26.8389516', '80.8871885'),
(455, '28/9/41', '1', '26.8389516', '80.8871885'),
(456, '28/9/51', '1', '26.8389516', '80.8871885'),
(457, '28/9/1', '1', '26.8389516', '80.8871885'),
(458, '28/9/11', '1', '26.8389516', '80.8871885'),
(459, '28/9/21', '1', '26.8389516', '80.8871885'),
(460, '28/9/31', '1', '26.8389516', '80.8871885'),
(461, '28/9/41', '1', '26.8389516', '80.8871885'),
(462, '28/9/51', '1', '26.8389516', '80.8871885'),
(463, '28/9/1', '1', '26.8389516', '80.8871885'),
(464, '28/9/11', '1', '26.8389516', '80.8871885'),
(465, '28/9/21', '1', '26.8389516', '80.8871885'),
(466, '28/9/31', '1', '26.8389516', '80.8871885'),
(467, '28/9/41', '1', '26.8389516', '80.8871885'),
(468, '28/9/51', '1', '26.8389516', '80.8871885'),
(469, '28/9/1', '1', '26.8389516', '80.8871885'),
(470, '28/9/11', '1', '26.8389516', '80.8871885'),
(471, '28/9/21', '1', '26.8389516', '80.8871885'),
(472, '28/9/31', '1', '26.8389516', '80.8871885'),
(473, '28/9/41', '1', '26.8389516', '80.8871885'),
(474, '28/9/51', '1', '26.8389516', '80.8871885'),
(475, '28/9/1', '1', '26.8389516', '80.8871885'),
(476, '28/9/11', '1', '26.8389516', '80.8871885'),
(477, '28/9/21', '1', '26.8389516', '80.8871885'),
(478, '28/9/31', '1', '26.8389516', '80.8871885'),
(479, '28/9/41', '1', '26.8389516', '80.8871885'),
(480, '28/9/51', '1', '26.8389516', '80.8871885'),
(481, '28/9/1', '1', '26.8389516', '80.8871885'),
(482, '28/9/11', '1', '26.8389516', '80.8871885'),
(483, '28/9/21', '1', '26.8389516', '80.8871885'),
(484, '28/9/31', '1', '26.8389516', '80.8871885'),
(485, '28/9/41', '1', '26.8389516', '80.8871885'),
(486, '28/9/51', '1', '26.8389516', '80.8871885'),
(487, '28/9/1', '1', '26.8389516', '80.8871885'),
(488, '28/9/11', '1', '26.8389516', '80.8871885'),
(489, '28/9/21', '1', '26.8389516', '80.8871885'),
(490, '28/9/31', '1', '26.8389516', '80.8871885'),
(491, '28/9/41', '1', '26.8389516', '80.8871885'),
(492, '28/9/51', '1', '26.8389516', '80.8871885'),
(493, '28/9/1', '1', '26.8389516', '80.8871885'),
(494, '28/9/11', '1', '26.8389516', '80.8871885'),
(495, '28/9/21', '1', '26.8389516', '80.8871885'),
(496, '28/9/31', '1', '26.8389516', '80.8871885'),
(497, '28/9/41', '1', '26.8389516', '80.8871885'),
(498, '28/9/51', '1', '26.8389516', '80.8871885'),
(499, '28/9/1', '1', '26.8389516', '80.8871885'),
(500, '28/9/11', '1', '26.8389516', '80.8871885'),
(501, '28/9/21', '1', '26.8389516', '80.8871885'),
(502, '28/9/31', '1', '26.8389516', '80.8871885'),
(503, '28/9/41', '1', '26.8389516', '80.8871885'),
(504, '28/9/51', '1', '26.8389516', '80.8871885'),
(505, '28/9/1', '1', '26.8389516', '80.8871885'),
(506, '28/9/11', '1', '26.8389516', '80.8871885'),
(507, '28/9/21', '1', '26.8389516', '80.8871885'),
(508, '28/9/31', '1', '26.8389516', '80.8871885'),
(509, '28/9/41', '1', '26.8389516', '80.8871885'),
(510, '28/9/51', '1', '26.8389516', '80.8871885'),
(511, '28/9/1', '1', '26.8389516', '80.8871885'),
(512, '28/9/11', '1', '26.8389516', '80.8871885'),
(513, '28/9/21', '1', '26.8389516', '80.8871885'),
(514, '28/9/31', '1', '26.8389516', '80.8871885'),
(515, '28/9/41', '1', '26.8389516', '80.8871885'),
(516, '28/9/51', '1', '26.8389516', '80.8871885'),
(517, '28/9/1', '1', '26.8389516', '80.8871885'),
(518, '28/9/11', '1', '26.8389516', '80.8871885'),
(519, '28/9/21', '1', '26.8389516', '80.8871885'),
(520, '28/9/31', '1', '26.8389516', '80.8871885'),
(521, '28/9/41', '1', '26.8389516', '80.8871885'),
(522, '28/9/51', '1', '26.8389516', '80.8871885'),
(523, '28/9/1', '1', '26.8389516', '80.8871885'),
(524, '28/9/11', '1', '26.8389516', '80.8871885'),
(525, '28/9/21', '1', '26.8389516', '80.8871885'),
(526, '28/9/31', '1', '26.8389516', '80.8871885'),
(527, '28/9/41', '1', '26.8389516', '80.8871885'),
(528, '28/9/51', '1', '26.8389516', '80.8871885'),
(529, '28/9/1', '1', '26.8389516', '80.8871885'),
(530, '28/9/11', '1', '26.8389516', '80.8871885'),
(531, '28/9/21', '1', '26.8389516', '80.8871885'),
(532, '28/9/31', '1', '26.8389516', '80.8871885'),
(533, '28/9/41', '1', '26.8389516', '80.8871885'),
(534, '28/9/51', '1', '26.8389516', '80.8871885'),
(535, '28/9/1', '1', '26.8389516', '80.8871885'),
(536, '28/9/11', '1', '26.8389516', '80.8871885'),
(537, '28/9/21', '1', '26.8389516', '80.8871885'),
(538, '28/9/31', '1', '26.8389516', '80.8871885'),
(539, '28/9/41', '1', '26.8389516', '80.8871885'),
(540, '28/9/51', '1', '26.8389516', '80.8871885'),
(541, '28/9/1', '1', '26.8389516', '80.8871885'),
(542, '28/9/11', '1', '26.8389516', '80.8871885'),
(543, '28/9/21', '1', '26.8389516', '80.8871885'),
(544, '28/9/28', '3', '26.8390087', '80.8871525'),
(545, '28/9/38', '3', '26.8390087', '80.8871525'),
(546, '28/9/48', '3', '26.8390087', '80.8871525'),
(547, '28/9/58', '3', '26.8390087', '80.8871525'),
(548, '28/9/8', '3', '26.8390087', '80.8871525'),
(549, '28/9/18', '3', '26.8390087', '80.8871525'),
(550, '28/9/28', '3', '26.8390087', '80.8871525'),
(551, '28/9/38', '3', '26.8390087', '80.8871525'),
(552, '28/9/48', '3', '26.8390087', '80.8871525'),
(553, '28/9/58', '3', '26.8390087', '80.8871525'),
(554, '28/9/8', '3', '26.8390087', '80.8871525'),
(555, '28/9/18', '3', '26.8390087', '80.8871525'),
(556, '28/9/28', '3', '26.8390087', '80.8871525'),
(557, '28/9/38', '3', '26.8390087', '80.8871525'),
(558, '28/9/48', '3', '26.8390087', '80.8871525'),
(559, '28/9/58', '3', '26.8390087', '80.8871525'),
(560, '28/9/8', '3', '26.8390087', '80.8871525'),
(561, '28/9/18', '3', '26.8390087', '80.8871525'),
(562, '28/9/28', '3', '26.8390087', '80.8871525'),
(563, '28/9/38', '3', '26.8390087', '80.8871525'),
(564, '28/9/48', '3', '26.8390087', '80.8871525'),
(565, '28/9/58', '3', '26.8390087', '80.8871525'),
(566, '28/9/8', '3', '26.8390087', '80.8871525'),
(567, '28/9/18', '3', '26.8390087', '80.8871525'),
(568, '28/9/28', '3', '26.8390087', '80.8871525'),
(569, '28/9/38', '3', '26.8390087', '80.8871525'),
(570, '28/9/48', '3', '26.8390087', '80.8871525'),
(571, '28/9/58', '3', '26.8390087', '80.8871525'),
(572, '28/9/58', '3', '26.8390087', '80.8871525'),
(573, '28/9/58', '3', '26.8390087', '80.8871525'),
(574, '28/9/28', '3', '26.8390087', '80.8871525'),
(575, '28/9/48', '3', '26.8390087', '80.8871525'),
(576, '28/9/8', '3', '26.8390087', '80.8871525'),
(577, '28/9/38', '3', '26.8390087', '80.8871525'),
(578, '28/9/8', '3', '26.8390087', '80.8871525'),
(579, '28/9/18', '3', '26.8390087', '80.8871525'),
(580, '28/9/44', '3', '26.8390142', '80.8871464'),
(581, '28/9/44', '3', '26.8390142', '80.8871464'),
(582, '28/9/36', '1', '37.4219983', '-122.084'),
(583, '28/9/46', '1', '37.4219983', '-122.084'),
(584, '28/9/56', '1', '37.4219983', '-122.084'),
(585, '28/9/6', '1', '37.4219983', '-122.084'),
(586, '28/9/16', '1', '37.4219983', '-122.084'),
(587, '28/9/26', '1', '37.4219983', '-122.084'),
(588, '28/9/36', '1', '37.4219983', '-122.084'),
(589, '28/9/46', '1', '37.4219983', '-122.084'),
(590, '28/9/56', '1', '37.4219983', '-122.084'),
(591, '28/9/6', '1', '37.4219983', '-122.084'),
(592, '28/9/16', '1', '37.4219983', '-122.084'),
(593, '28/9/26', '1', '37.4219983', '-122.084'),
(594, '28/9/36', '1', '37.4219983', '-122.084'),
(595, '28/9/46', '1', '37.4219983', '-122.084'),
(596, '28/9/56', '1', '37.4219983', '-122.084'),
(597, '28/9/6', '1', '37.4219983', '-122.084'),
(598, '28/9/16', '1', '37.4219983', '-122.084'),
(599, '28/9/26', '1', '37.4219983', '-122.084'),
(600, '28/9/36', '1', '37.4219983', '-122.084'),
(601, '28/9/46', '1', '37.4219983', '-122.084'),
(602, '28/9/56', '1', '37.4219983', '-122.084'),
(603, '28/9/4', '3', '26.8390142', '80.8871464'),
(604, '28/9/14', '3', '26.8390142', '80.8871464'),
(605, '28/9/36', '1', '37.4219983', '-122.084'),
(606, '28/9/46', '1', '37.4219983', '-122.084'),
(607, '28/9/56', '1', '37.4219983', '-122.084'),
(608, '28/9/6', '1', '37.4219983', '-122.084'),
(609, '28/9/16', '1', '37.4219983', '-122.084'),
(610, '28/9/26', '1', '37.4219983', '-122.084'),
(611, '28/9/36', '1', '37.4219983', '-122.084'),
(612, '28/9/46', '1', '37.4219983', '-122.084'),
(613, '28/9/56', '1', '37.4219983', '-122.084'),
(614, '28/9/54', '', '', ''),
(615, '28/9/4', '', '', ''),
(616, '28/9/6', '1', '37.4219983', '-122.084'),
(617, '28/9/14', '', '', ''),
(618, '28/9/16', '1', '37.4219983', '-122.084'),
(619, '28/9/24', '', '', ''),
(620, '28/9/26', '1', '37.4219983', '-122.084'),
(621, '28/9/34', '', '', ''),
(622, '28/9/36', '1', '37.4219983', '-122.084'),
(623, '28/9/44', '', '', ''),
(624, '28/9/46', '1', '37.4219983', '-122.084'),
(625, '28/9/54', '', '', ''),
(626, '28/9/56', '1', '37.4219983', '-122.084'),
(627, '28/9/4', '', '', ''),
(628, '28/9/6', '1', '37.4219983', '-122.084'),
(629, '28/9/16', '1', '37.4219983', '-122.084'),
(630, '28/9/14', '', '', ''),
(631, '28/9/15', '1', '41.836899', '-87.6847'),
(632, '28/9/24', '', '', ''),
(633, '28/9/26', '1', '37.4219983', '-122.084'),
(634, '28/9/25', '1', '41.836899', '-87.6847'),
(635, '28/9/34', '', '', ''),
(636, '28/9/36', '1', '37.4219983', '-122.084'),
(637, '28/9/35', '1', '41.836899', '-87.6847'),
(638, '28/9/44', '', '', ''),
(639, '28/9/46', '1', '37.4219983', '-122.084'),
(640, '28/9/45', '1', '41.836899', '-87.6847'),
(641, '28/9/54', '', '', ''),
(642, '28/9/56', '1', '37.4219983', '-122.084'),
(643, '28/9/55', '1', '41.836899', '-87.6847'),
(644, '28/9/4', '', '', ''),
(645, '28/9/6', '1', '37.4219983', '-122.084'),
(646, '28/9/16', '1', '37.4219983', '-122.084'),
(647, '28/9/26', '1', '37.4219983', '-122.084'),
(648, '28/9/36', '1', '37.4219983', '-122.084'),
(649, '28/9/46', '1', '37.4219983', '-122.084'),
(650, '28/9/56', '1', '37.4219983', '-122.084'),
(651, '28/9/6', '1', '37.4219983', '-122.084'),
(652, '28/9/16', '1', '37.4219983', '-122.084'),
(653, '28/9/26', '1', '37.4219983', '-122.084'),
(654, '28/9/36', '1', '37.4219983', '-122.084'),
(655, '28/9/46', '1', '37.4219983', '-122.084'),
(656, '28/9/56', '1', '37.4219983', '-122.084'),
(657, '28/9/59', '', '', ''),
(658, '28/9/6', '1', '37.4219983', '-122.084'),
(659, '28/9/8', '', '', ''),
(660, '28/9/16', '1', '37.4219983', '-122.084'),
(661, '28/9/18', '', '', ''),
(662, '28/9/26', '1', '37.4219983', '-122.084'),
(663, '28/9/28', '', '', ''),
(664, '28/9/36', '1', '37.4219983', '-122.084'),
(665, '28/9/38', '', '', ''),
(666, '28/9/46', '1', '37.4219983', '-122.084'),
(667, '28/9/48', '', '', ''),
(668, '28/9/56', '1', '37.4219983', '-122.084'),
(669, '28/9/58', '', '', ''),
(670, '28/9/6', '1', '37.4219983', '-122.084'),
(671, '28/9/8', '', '', ''),
(672, '28/9/16', '1', '37.4219983', '-122.084'),
(673, '28/9/18', '', '', ''),
(674, '28/9/18', '', '', ''),
(675, '28/9/26', '1', '37.4219983', '-122.084'),
(676, '28/9/28', '', '', ''),
(677, '28/9/28', '', '', ''),
(678, '28/9/36', '1', '37.4219983', '-122.084'),
(679, '28/9/38', '', '', ''),
(680, '28/9/38', '', '', ''),
(681, '28/9/46', '1', '37.4219983', '-122.084'),
(682, '28/9/48', '', '', ''),
(683, '28/9/48', '', '', ''),
(684, '28/9/56', '1', '37.4219983', '-122.084'),
(685, '28/9/58', '', '', ''),
(686, '28/9/58', '', '', ''),
(687, '28/9/6', '1', '37.4219983', '-122.084'),
(688, '28/9/6', '', '', ''),
(689, '28/9/8', '', '', ''),
(690, '28/9/8', '', '', ''),
(691, '28/9/16', '1', '37.4219983', '-122.084'),
(692, '28/9/16', '', '', ''),
(693, '28/9/18', '', '', ''),
(694, '28/9/18', '', '', ''),
(695, '28/9/26', '1', '37.4219983', '-122.084'),
(696, '28/9/26', '', '', ''),
(697, '28/9/28', '', '', ''),
(698, '28/9/28', '', '', ''),
(699, '28/9/36', '1', '37.4219983', '-122.084'),
(700, '28/9/36', '', '', ''),
(701, '28/9/38', '', '', ''),
(702, '28/9/38', '', '', ''),
(703, '28/9/46', '1', '37.4219983', '-122.084'),
(704, '28/9/56', '1', '37.4219983', '-122.084'),
(705, '28/9/6', '1', '37.4219983', '-122.084'),
(706, '28/9/16', '1', '37.4219983', '-122.084'),
(707, '28/9/26', '1', '37.4219983', '-122.084'),
(708, '28/9/36', '1', '37.4219983', '-122.084'),
(709, '28/9/46', '1', '37.4219983', '-122.084'),
(710, '28/9/56', '1', '37.4219983', '-122.084'),
(711, '28/9/6', '1', '37.4219983', '-122.084'),
(712, '28/9/16', '1', '37.4219983', '-122.084'),
(713, '28/9/26', '1', '37.4219983', '-122.084'),
(714, '28/9/36', '1', '37.4219983', '-122.084'),
(715, '28/9/46', '1', '37.4219983', '-122.084'),
(716, '28/9/56', '1', '37.4219983', '-122.084'),
(717, '28/9/6', '1', '37.4219983', '-122.084'),
(718, '28/9/16', '1', '37.4219983', '-122.084'),
(719, '28/9/26', '1', '37.4219983', '-122.084'),
(720, '28/9/36', '1', '37.4219983', '-122.084'),
(721, '28/9/46', '1', '37.4219983', '-122.084'),
(722, '28/9/56', '1', '37.4219983', '-122.084'),
(723, '28/9/6', '1', '37.4219983', '-122.084'),
(724, '28/9/16', '1', '37.4219983', '-122.084'),
(725, '28/9/26', '1', '37.4219983', '-122.084'),
(726, '28/9/36', '1', '37.4219983', '-122.084'),
(727, '28/9/46', '1', '37.4219983', '-122.084'),
(728, '28/9/56', '1', '37.4219983', '-122.084'),
(729, '28/9/6', '1', '37.4219983', '-122.084'),
(730, '28/9/16', '1', '37.4219983', '-122.084'),
(731, '28/9/26', '1', '37.4219983', '-122.084'),
(732, '28/9/36', '1', '37.4219983', '-122.084'),
(733, '28/9/46', '1', '37.4219983', '-122.084'),
(734, '28/9/56', '1', '37.4219983', '-122.084'),
(735, '28/9/6', '1', '37.4219983', '-122.084'),
(736, '28/9/16', '1', '37.4219983', '-122.084'),
(737, '28/9/26', '1', '37.4219983', '-122.084'),
(738, '28/9/36', '1', '37.4219983', '-122.084'),
(739, '28/9/46', '1', '37.4219983', '-122.084'),
(740, '28/9/56', '1', '37.4219983', '-122.084'),
(741, '28/9/6', '1', '37.4219983', '-122.084'),
(742, '28/9/16', '1', '37.4219983', '-122.084'),
(743, '28/9/44', '1', '37.4219983', '-122.084'),
(744, '28/9/54', '1', '37.4219983', '-122.084'),
(745, '28/9/4', '1', '37.4219983', '-122.084'),
(746, '28/9/14', '1', '37.4219983', '-122.084'),
(747, '28/9/24', '1', '37.4219983', '-122.084'),
(748, '28/9/34', '1', '37.4219983', '-122.084'),
(749, '28/9/44', '1', '37.4219983', '-122.084'),
(750, '28/9/54', '1', '37.4219983', '-122.084'),
(751, '28/9/4', '1', '37.4219983', '-122.084'),
(752, '28/9/14', '1', '37.4219983', '-122.084'),
(753, '28/9/24', '1', '37.4219983', '-122.084'),
(754, '28/9/34', '1', '37.4219983', '-122.084'),
(755, '28/9/44', '1', '37.4219983', '-122.084'),
(756, '28/9/54', '1', '37.4219983', '-122.084'),
(757, '28/9/4', '1', '37.4219983', '-122.084'),
(758, '28/9/14', '1', '37.4219983', '-122.084'),
(759, '28/9/24', '1', '37.4219983', '-122.084'),
(760, '28/9/34', '1', '37.4219983', '-122.084'),
(761, '28/9/44', '1', '37.4219983', '-122.084'),
(762, '28/9/54', '1', '37.4219983', '-122.084'),
(763, '28/9/4', '1', '37.4219983', '-122.084'),
(764, '28/9/14', '1', '37.4219983', '-122.084'),
(765, '28/9/24', '1', '37.4219983', '-122.084'),
(766, '28/9/34', '1', '37.4219983', '-122.084'),
(767, '28/9/44', '1', '37.4219983', '-122.084'),
(768, '28/9/54', '1', '37.4219983', '-122.084'),
(769, '28/9/4', '1', '37.4219983', '-122.084'),
(770, '28/9/14', '1', '37.4219983', '-122.084'),
(771, '28/9/24', '1', '37.4219983', '-122.084'),
(772, '28/9/34', '1', '37.4219983', '-122.084'),
(773, '28/9/44', '1', '37.4219983', '-122.084'),
(774, '28/9/54', '1', '37.4219983', '-122.084'),
(775, '28/9/4', '1', '37.4219983', '-122.084'),
(776, '28/9/14', '1', '37.4219983', '-122.084'),
(777, '28/9/24', '1', '37.4219983', '-122.084'),
(778, '28/9/34', '1', '37.4219983', '-122.084'),
(779, '28/9/44', '1', '37.4219983', '-122.084'),
(780, '28/9/54', '1', '37.4219983', '-122.084'),
(781, '28/9/4', '1', '37.4219983', '-122.084'),
(782, '28/9/14', '1', '37.4219983', '-122.084'),
(783, '28/9/24', '1', '37.4219983', '-122.084'),
(784, '28/9/34', '1', '37.4219983', '-122.084'),
(785, '28/9/44', '1', '37.4219983', '-122.084'),
(786, '28/9/54', '1', '37.4219983', '-122.084'),
(787, '28/9/4', '1', '37.4219983', '-122.084'),
(788, '28/9/14', '1', '37.4219983', '-122.084'),
(789, '28/9/24', '1', '37.4219983', '-122.084'),
(790, '28/9/34', '1', '37.4219983', '-122.084'),
(791, '28/9/44', '1', '37.4219983', '-122.084'),
(792, '28/9/54', '1', '37.4219983', '-122.084'),
(793, '28/9/4', '1', '37.4219983', '-122.084'),
(794, '28/9/14', '1', '37.4219983', '-122.084'),
(795, '28/9/24', '1', '37.4219983', '-122.084'),
(796, '28/9/34', '1', '37.4219983', '-122.084'),
(797, '28/9/44', '1', '37.4219983', '-122.084'),
(798, '28/9/54', '1', '37.4219983', '-122.084'),
(799, '28/9/4', '1', '37.4219983', '-122.084'),
(800, '28/9/14', '1', '37.4219983', '-122.084'),
(801, '28/9/24', '1', '37.4219983', '-122.084'),
(802, '28/9/34', '1', '37.4219983', '-122.084'),
(803, '28/9/44', '1', '37.4219983', '-122.084'),
(804, '28/9/54', '1', '37.4219983', '-122.084'),
(805, '28/9/4', '1', '37.4219983', '-122.084'),
(806, '28/9/14', '1', '37.4219983', '-122.084'),
(807, '28/9/24', '1', '37.4219983', '-122.084'),
(808, '28/9/34', '1', '37.4219983', '-122.084'),
(809, '28/9/44', '1', '37.4219983', '-122.084'),
(810, '28/9/54', '1', '37.4219983', '-122.084'),
(811, '28/9/4', '1', '37.4219983', '-122.084'),
(812, '28/9/14', '1', '37.4219983', '-122.084'),
(813, '28/9/24', '1', '37.4219983', '-122.084'),
(814, '28/9/34', '1', '37.4219983', '-122.084'),
(815, '28/9/44', '1', '37.4219983', '-122.084'),
(816, '28/9/54', '1', '37.4219983', '-122.084'),
(817, '28/9/4', '1', '37.4219983', '-122.084'),
(818, '28/9/14', '1', '37.4219983', '-122.084'),
(819, '28/9/24', '1', '37.4219983', '-122.084'),
(820, '28/9/34', '1', '37.4219983', '-122.084'),
(821, '28/9/44', '1', '37.4219983', '-122.084'),
(822, '28/9/54', '1', '37.4219983', '-122.084'),
(823, '28/9/4', '1', '37.4219983', '-122.084'),
(824, '28/9/14', '1', '37.4219983', '-122.084'),
(825, '28/9/24', '1', '37.4219983', '-122.084'),
(826, '28/9/34', '1', '37.4219983', '-122.084'),
(827, '28/9/44', '1', '37.4219983', '-122.084'),
(828, '28/9/54', '1', '37.4219983', '-122.084'),
(829, '28/9/4', '1', '37.4219983', '-122.084'),
(830, '28/9/14', '1', '37.4219983', '-122.084'),
(831, '28/9/24', '1', '37.4219983', '-122.084'),
(832, '28/9/34', '1', '37.4219983', '-122.084'),
(833, '28/9/44', '1', '37.4219983', '-122.084'),
(834, '28/9/54', '1', '37.4219983', '-122.084'),
(835, '28/9/4', '1', '37.4219983', '-122.084'),
(836, '28/9/14', '1', '37.4219983', '-122.084'),
(837, '28/9/24', '1', '37.4219983', '-122.084'),
(838, '28/9/34', '1', '37.4219983', '-122.084'),
(839, '28/9/44', '1', '37.4219983', '-122.084'),
(840, '28/9/54', '1', '37.4219983', '-122.084'),
(841, '28/9/4', '1', '37.4219983', '-122.084'),
(842, '28/9/14', '1', '37.4219983', '-122.084'),
(843, '28/9/24', '1', '37.4219983', '-122.084'),
(844, '28/9/34', '1', '37.4219983', '-122.084'),
(845, '28/9/44', '1', '37.4219983', '-122.084'),
(846, '28/9/54', '1', '37.4219983', '-122.084'),
(847, '28/9/4', '1', '37.4219983', '-122.084'),
(848, '28/9/14', '1', '37.4219983', '-122.084'),
(849, '28/9/24', '1', '37.4219983', '-122.084'),
(850, '28/9/34', '1', '37.4219983', '-122.084'),
(851, '28/9/44', '1', '37.4219983', '-122.084'),
(852, '28/9/54', '1', '37.4219983', '-122.084'),
(853, '28/9/4', '1', '37.4219983', '-122.084'),
(854, '28/9/14', '1', '37.4219983', '-122.084'),
(855, '28/9/24', '1', '37.4219983', '-122.084'),
(856, '28/9/34', '1', '37.4219983', '-122.084'),
(857, '28/9/44', '1', '37.4219983', '-122.084'),
(858, '28/9/54', '1', '37.4219983', '-122.084'),
(859, '28/9/4', '1', '37.4219983', '-122.084'),
(860, '28/9/14', '1', '37.4219983', '-122.084'),
(861, '28/9/24', '1', '37.4219983', '-122.084'),
(862, '28/9/34', '1', '37.4219983', '-122.084'),
(863, '28/9/44', '1', '37.4219983', '-122.084'),
(864, '28/9/54', '1', '37.4219983', '-122.084'),
(865, '28/9/4', '1', '37.4219983', '-122.084'),
(866, '28/9/14', '1', '37.4219983', '-122.084'),
(867, '28/9/24', '1', '37.4219983', '-122.084'),
(868, '28/9/34', '1', '37.4219983', '-122.084'),
(869, '28/9/44', '1', '37.4219983', '-122.084'),
(870, '28/9/54', '1', '37.4219983', '-122.084'),
(871, '28/9/4', '1', '37.4219983', '-122.084'),
(872, '28/9/14', '1', '37.4219983', '-122.084'),
(873, '28/9/24', '1', '37.4219983', '-122.084'),
(874, '28/9/34', '1', '37.4219983', '-122.084'),
(875, '28/9/44', '1', '37.4219983', '-122.084'),
(876, '28/9/54', '1', '37.4219983', '-122.084'),
(877, '28/9/4', '1', '37.4219983', '-122.084'),
(878, '28/9/14', '1', '37.4219983', '-122.084'),
(879, '28/9/24', '1', '37.4219983', '-122.084'),
(880, '28/9/34', '1', '37.4219983', '-122.084'),
(881, '28/9/44', '1', '37.4219983', '-122.084'),
(882, '28/9/54', '1', '37.4219983', '-122.084'),
(883, '28/9/4', '1', '37.4219983', '-122.084'),
(884, '28/9/14', '1', '37.4219983', '-122.084'),
(885, '28/9/24', '1', '37.4219983', '-122.084'),
(886, '28/9/34', '1', '37.4219983', '-122.084'),
(887, '28/9/44', '1', '37.4219983', '-122.084'),
(888, '28/9/54', '1', '37.4219983', '-122.084'),
(889, '28/9/4', '1', '37.4219983', '-122.084'),
(890, '28/9/14', '1', '37.4219983', '-122.084'),
(891, '28/9/24', '1', '37.4219983', '-122.084'),
(892, '28/9/34', '1', '37.4219983', '-122.084'),
(893, '28/9/44', '1', '37.4219983', '-122.084'),
(894, '28/9/54', '1', '37.4219983', '-122.084'),
(895, '28/9/4', '1', '37.4219983', '-122.084'),
(896, '28/9/14', '1', '37.4219983', '-122.084'),
(897, '28/9/24', '1', '37.4219983', '-122.084'),
(898, '28/9/34', '1', '37.4219983', '-122.084'),
(899, '28/9/44', '1', '37.4219983', '-122.084'),
(900, '28/9/54', '1', '37.4219983', '-122.084'),
(901, '28/9/4', '1', '37.4219983', '-122.084'),
(902, '28/9/14', '1', '37.4219983', '-122.084'),
(903, '28/9/24', '1', '37.4219983', '-122.084'),
(904, '28/9/34', '1', '37.4219983', '-122.084'),
(905, '28/9/44', '1', '37.4219983', '-122.084'),
(906, '28/9/54', '1', '37.4219983', '-122.084'),
(907, '28/9/4', '1', '37.4219983', '-122.084'),
(908, '28/9/14', '1', '37.4219983', '-122.084'),
(909, '28/9/24', '1', '37.4219983', '-122.084'),
(910, '28/9/34', '1', '37.4219983', '-122.084'),
(911, '28/9/44', '1', '37.4219983', '-122.084'),
(912, '28/9/54', '1', '37.4219983', '-122.084'),
(913, '28/9/4', '1', '37.4219983', '-122.084'),
(914, '28/9/14', '1', '37.4219983', '-122.084'),
(915, '28/9/24', '1', '37.4219983', '-122.084'),
(916, '28/9/34', '1', '37.4219983', '-122.084'),
(917, '28/9/44', '1', '37.4219983', '-122.084'),
(918, '28/9/54', '1', '37.4219983', '-122.084'),
(919, '28/9/4', '1', '37.4219983', '-122.084'),
(920, '28/9/14', '1', '37.4219983', '-122.084'),
(921, '28/9/24', '1', '37.4219983', '-122.084'),
(922, '28/9/34', '1', '37.4219983', '-122.084'),
(923, '28/9/44', '1', '37.4219983', '-122.084'),
(924, '28/9/54', '1', '37.4219983', '-122.084'),
(925, '28/9/4', '1', '37.4219983', '-122.084'),
(926, '28/9/14', '1', '37.4219983', '-122.084'),
(927, '28/9/24', '1', '37.4219983', '-122.084'),
(928, '28/9/34', '1', '37.4219983', '-122.084'),
(929, '28/9/44', '1', '37.4219983', '-122.084'),
(930, '28/9/54', '1', '37.4219983', '-122.084'),
(931, '28/9/4', '1', '37.4219983', '-122.084'),
(932, '28/9/14', '1', '37.4219983', '-122.084'),
(933, '28/9/24', '1', '37.4219983', '-122.084'),
(934, '28/9/34', '1', '37.4219983', '-122.084'),
(935, '28/9/44', '1', '37.4219983', '-122.084'),
(936, '28/9/54', '1', '37.4219983', '-122.084'),
(937, '28/9/4', '1', '37.4219983', '-122.084'),
(938, '28/9/14', '1', '37.4219983', '-122.084'),
(939, '28/9/24', '1', '37.4219983', '-122.084'),
(940, '28/9/34', '1', '37.4219983', '-122.084'),
(941, '28/9/44', '1', '37.4219983', '-122.084'),
(942, '28/9/54', '1', '37.4219983', '-122.084'),
(943, '28/9/4', '1', '37.4219983', '-122.084'),
(944, '28/9/14', '1', '37.4219983', '-122.084'),
(945, '28/9/24', '1', '37.4219983', '-122.084'),
(946, '28/9/34', '1', '37.4219983', '-122.084'),
(947, '28/9/44', '1', '37.4219983', '-122.084'),
(948, '28/9/54', '1', '37.4219983', '-122.084'),
(949, '28/9/4', '1', '37.4219983', '-122.084'),
(950, '28/9/14', '1', '37.4219983', '-122.084'),
(951, '28/9/24', '1', '37.4219983', '-122.084'),
(952, '28/9/34', '1', '37.4219983', '-122.084'),
(953, '28/9/44', '1', '37.4219983', '-122.084'),
(954, '28/9/54', '1', '37.4219983', '-122.084'),
(955, '28/9/4', '1', '37.4219983', '-122.084'),
(956, '28/9/14', '1', '37.4219983', '-122.084'),
(957, '28/9/24', '1', '37.4219983', '-122.084'),
(958, '28/9/34', '1', '37.4219983', '-122.084'),
(959, '28/9/44', '1', '37.4219983', '-122.084'),
(960, '28/9/54', '1', '37.4219983', '-122.084'),
(961, '28/9/4', '1', '37.4219983', '-122.084'),
(962, '28/9/14', '1', '37.4219983', '-122.084'),
(963, '28/9/24', '1', '37.4219983', '-122.084'),
(964, '28/9/34', '1', '37.4219983', '-122.084'),
(965, '28/9/44', '1', '37.4219983', '-122.084'),
(966, '28/9/54', '1', '37.4219983', '-122.084'),
(967, '28/9/4', '1', '37.4219983', '-122.084'),
(968, '28/9/14', '1', '37.4219983', '-122.084'),
(969, '28/9/24', '1', '37.4219983', '-122.084'),
(970, '28/9/34', '1', '37.4219983', '-122.084'),
(971, '28/9/44', '1', '37.4219983', '-122.084'),
(972, '28/9/54', '1', '37.4219983', '-122.084'),
(973, '28/9/4', '1', '37.4219983', '-122.084'),
(974, '28/9/14', '1', '37.4219983', '-122.084'),
(975, '28/9/24', '1', '37.4219983', '-122.084'),
(976, '28/9/34', '1', '37.4219983', '-122.084'),
(977, '28/9/44', '1', '37.4219983', '-122.084'),
(978, '28/9/54', '1', '37.4219983', '-122.084'),
(979, '28/9/4', '1', '37.4219983', '-122.084'),
(980, '28/9/14', '1', '37.4219983', '-122.084'),
(981, '28/9/24', '1', '37.4219983', '-122.084'),
(982, '28/9/34', '1', '37.4219983', '-122.084'),
(983, '28/9/44', '1', '37.4219983', '-122.084'),
(984, '28/9/54', '1', '37.4219983', '-122.084'),
(985, '28/9/4', '1', '37.4219983', '-122.084'),
(986, '28/9/14', '1', '37.4219983', '-122.084'),
(987, '28/9/24', '1', '37.4219983', '-122.084'),
(988, '28/9/34', '1', '37.4219983', '-122.084'),
(989, '28/9/44', '1', '37.4219983', '-122.084'),
(990, '28/9/54', '1', '37.4219983', '-122.084'),
(991, '28/9/4', '1', '37.4219983', '-122.084'),
(992, '28/9/14', '1', '37.4219983', '-122.084'),
(993, '28/9/24', '1', '37.4219983', '-122.084'),
(994, '28/9/34', '1', '37.4219983', '-122.084'),
(995, '28/9/44', '1', '37.4219983', '-122.084'),
(996, '28/9/54', '1', '37.4219983', '-122.084'),
(997, '28/9/4', '1', '37.4219983', '-122.084'),
(998, '28/9/14', '1', '37.4219983', '-122.084'),
(999, '28/9/24', '1', '37.4219983', '-122.084'),
(1000, '28/9/34', '1', '37.4219983', '-122.084'),
(1001, '28/9/44', '1', '37.4219983', '-122.084'),
(1002, '28/9/54', '1', '37.4219983', '-122.084'),
(1003, '28/9/4', '1', '37.4219983', '-122.084'),
(1004, '28/9/14', '1', '37.4219983', '-122.084'),
(1005, '28/9/24', '1', '37.4219983', '-122.084'),
(1006, '28/9/34', '1', '37.4219983', '-122.084'),
(1007, '28/9/44', '1', '37.4219983', '-122.084'),
(1008, '28/9/54', '1', '37.4219983', '-122.084'),
(1009, '28/9/4', '1', '37.4219983', '-122.084'),
(1010, '28/9/14', '1', '37.4219983', '-122.084'),
(1011, '28/9/24', '1', '37.4219983', '-122.084'),
(1012, '28/9/34', '1', '37.4219983', '-122.084'),
(1013, '28/9/44', '1', '37.4219983', '-122.084'),
(1014, '28/9/54', '1', '37.4219983', '-122.084'),
(1015, '28/9/4', '1', '37.4219983', '-122.084'),
(1016, '28/9/14', '1', '37.4219983', '-122.084'),
(1017, '28/9/24', '1', '37.4219983', '-122.084'),
(1018, '28/9/34', '1', '37.4219983', '-122.084'),
(1019, '28/9/44', '1', '37.4219983', '-122.084'),
(1020, '28/9/54', '1', '37.4219983', '-122.084'),
(1021, '28/9/4', '1', '37.4219983', '-122.084'),
(1022, '28/9/14', '1', '37.4219983', '-122.084'),
(1023, '28/9/24', '1', '37.4219983', '-122.084'),
(1024, '28/9/34', '1', '37.4219983', '-122.084'),
(1025, '28/9/44', '1', '37.4219983', '-122.084'),
(1026, '28/9/54', '1', '37.4219983', '-122.084'),
(1027, '28/9/4', '1', '37.4219983', '-122.084'),
(1028, '28/9/14', '1', '37.4219983', '-122.084'),
(1029, '28/9/24', '1', '37.4219983', '-122.084'),
(1030, '28/9/34', '1', '37.4219983', '-122.084'),
(1031, '28/9/44', '1', '37.4219983', '-122.084'),
(1032, '28/9/54', '1', '37.4219983', '-122.084'),
(1033, '28/9/4', '1', '37.4219983', '-122.084'),
(1034, '28/9/14', '1', '37.4219983', '-122.084'),
(1035, '28/9/24', '1', '37.4219983', '-122.084'),
(1036, '28/9/34', '1', '37.4219983', '-122.084'),
(1037, '28/9/44', '1', '37.4219983', '-122.084'),
(1038, '28/9/54', '1', '37.4219983', '-122.084'),
(1039, '28/9/4', '1', '37.4219983', '-122.084'),
(1040, '28/9/14', '1', '37.4219983', '-122.084'),
(1041, '28/9/24', '1', '37.4219983', '-122.084'),
(1042, '28/9/34', '1', '37.4219983', '-122.084'),
(1043, '28/9/44', '1', '37.4219983', '-122.084'),
(1044, '28/9/54', '1', '37.4219983', '-122.084'),
(1045, '28/9/4', '1', '37.4219983', '-122.084'),
(1046, '28/9/14', '1', '37.4219983', '-122.084'),
(1047, '28/9/24', '1', '37.4219983', '-122.084'),
(1048, '28/9/34', '1', '37.4219983', '-122.084'),
(1049, '28/9/44', '1', '37.4219983', '-122.084'),
(1050, '28/9/54', '1', '37.4219983', '-122.084'),
(1051, '28/9/4', '1', '37.4219983', '-122.084'),
(1052, '28/9/14', '1', '37.4219983', '-122.084'),
(1053, '28/9/24', '1', '37.4219983', '-122.084'),
(1054, '28/9/56', '', '', ''),
(1055, '28/9/6', '', '', ''),
(1056, '28/9/16', '', '', ''),
(1057, '30/9/23', '', '', ''),
(1058, '30/9/33', '', '', ''),
(1059, '30/9/43', '', '', ''),
(1060, '30/9/53', '', '', ''),
(1061, '30/9/3', '', '', ''),
(1062, '30/9/13', '', '', ''),
(1063, '30/9/23', '', '', ''),
(1064, '30/9/33', '', '', ''),
(1065, '30/9/43', '', '', ''),
(1066, '30/9/53', '', '', ''),
(1067, '30/9/3', '', '', ''),
(1068, '30/9/13', '', '', ''),
(1069, '30/9/23', '', '', ''),
(1070, '30/9/33', '', '', ''),
(1071, '30/9/43', '', '', ''),
(1072, '30/9/53', '', '', ''),
(1073, '30/9/3', '', '', ''),
(1074, '30/9/13', '', '', ''),
(1075, '30/9/23', '', '', ''),
(1076, '30/9/33', '', '', ''),
(1077, '30/9/43', '', '', ''),
(1078, '30/9/53', '', '', ''),
(1079, '30/9/3', '', '', ''),
(1080, '30/9/13', '', '', ''),
(1081, '30/9/23', '', '', ''),
(1082, '30/9/33', '', '', ''),
(1083, '30/9/43', '', '', ''),
(1084, '30/9/53', '', '', ''),
(1085, '30/9/3', '', '', ''),
(1086, '30/9/13', '', '', ''),
(1087, '30/9/23', '', '', ''),
(1088, '30/9/33', '', '', ''),
(1089, '30/9/43', '', '', ''),
(1090, '30/9/53', '', '', '');
INSERT INTO `20_live_tracking` (`id`, `date`, `emp_id`, `latitude`, `longitude`) VALUES
(1091, '30/9/3', '', '', ''),
(1092, '30/9/13', '', '', ''),
(1093, '30/9/23', '', '', ''),
(1094, '30/9/33', '', '', ''),
(1095, '30/9/43', '', '', ''),
(1096, '30/9/53', '', '', ''),
(1097, '30/9/3', '', '', ''),
(1098, '30/9/13', '', '', ''),
(1099, '30/9/23', '', '', ''),
(1100, '30/9/33', '', '', ''),
(1101, '30/9/43', '', '', ''),
(1102, '30/9/53', '', '', ''),
(1103, '30/9/3', '', '', ''),
(1104, '30/9/13', '', '', ''),
(1105, '30/9/23', '', '', ''),
(1106, '30/9/33', '', '', ''),
(1107, '30/9/43', '', '', ''),
(1108, '30/9/53', '', '', ''),
(1109, '30/9/3', '', '', ''),
(1110, '30/9/13', '', '', ''),
(1111, '30/9/23', '', '', ''),
(1112, '30/9/33', '', '', ''),
(1113, '30/9/43', '', '', ''),
(1114, '30/9/53', '', '', ''),
(1115, '30/9/3', '', '', ''),
(1116, '30/9/13', '', '', ''),
(1117, '30/9/23', '', '', ''),
(1118, '30/9/33', '', '', ''),
(1119, '30/9/43', '', '', ''),
(1120, '30/9/53', '', '', ''),
(1121, '30/9/3', '', '', ''),
(1122, '30/9/13', '', '', ''),
(1123, '30/9/23', '', '', ''),
(1124, '30/9/33', '', '', ''),
(1125, '30/9/43', '', '', ''),
(1126, '30/9/53', '', '', ''),
(1127, '30/9/3', '', '', ''),
(1128, '30/9/13', '', '', ''),
(1129, '30/9/23', '', '', ''),
(1130, '30/9/33', '', '', ''),
(1131, '30/9/43', '', '', ''),
(1132, '30/9/53', '', '', ''),
(1133, '30/9/3', '', '', ''),
(1134, '30/9/13', '', '', ''),
(1135, '30/9/23', '', '', ''),
(1136, '30/9/33', '', '', ''),
(1137, '30/9/43', '', '', ''),
(1138, '30/9/53', '', '', ''),
(1139, '30/9/3', '', '', ''),
(1140, '30/9/13', '', '', ''),
(1141, '30/9/23', '', '', ''),
(1142, '30/9/33', '', '', ''),
(1143, '30/9/43', '', '', ''),
(1144, '30/9/53', '', '', ''),
(1145, '30/9/3', '', '', ''),
(1146, '30/9/13', '', '', ''),
(1147, '30/9/23', '', '', ''),
(1148, '30/9/33', '', '', ''),
(1149, '30/9/43', '', '', ''),
(1150, '30/9/53', '', '', ''),
(1151, '30/9/3', '', '', ''),
(1152, '30/9/13', '', '', ''),
(1153, '30/9/23', '', '', ''),
(1154, '30/9/33', '', '', ''),
(1155, '30/9/43', '', '', ''),
(1156, '30/9/53', '', '', ''),
(1157, '30/9/3', '', '', ''),
(1158, '30/9/13', '', '', ''),
(1159, '30/9/23', '', '', ''),
(1160, '30/9/33', '', '', ''),
(1161, '30/9/43', '', '', ''),
(1162, '30/9/53', '', '', ''),
(1163, '30/9/3', '', '', ''),
(1164, '30/9/13', '', '', ''),
(1165, '30/9/23', '', '', ''),
(1166, '30/9/33', '', '', ''),
(1167, '30/9/43', '', '', ''),
(1168, '30/9/53', '', '', ''),
(1169, '30/9/3', '', '', ''),
(1170, '30/9/13', '', '', ''),
(1171, '30/9/23', '', '', ''),
(1172, '30/9/33', '', '', ''),
(1173, '30/9/43', '', '', ''),
(1174, '30/9/53', '', '', ''),
(1175, '30/9/3', '', '', ''),
(1176, '30/9/13', '', '', ''),
(1177, '30/9/23', '', '', ''),
(1178, '30/9/33', '', '', ''),
(1179, '30/9/43', '', '', ''),
(1180, '30/9/53', '', '', ''),
(1181, '30/9/3', '', '', ''),
(1182, '30/9/13', '', '', ''),
(1183, '30/9/23', '', '', ''),
(1184, '30/9/33', '', '', ''),
(1185, '30/9/43', '', '', ''),
(1186, '30/9/53', '', '', ''),
(1187, '30/9/3', '', '', ''),
(1188, '30/9/13', '', '', ''),
(1189, '30/9/23', '', '', ''),
(1190, '30/9/33', '', '', ''),
(1191, '30/9/43', '', '', ''),
(1192, '30/9/53', '', '', ''),
(1193, '30/9/3', '', '', ''),
(1194, '30/9/13', '', '', ''),
(1195, '30/9/23', '', '', ''),
(1196, '30/9/33', '', '', ''),
(1197, '30/9/43', '', '', ''),
(1198, '30/9/53', '', '', ''),
(1199, '30/9/3', '', '', ''),
(1200, '30/9/13', '', '', ''),
(1201, '30/9/23', '', '', ''),
(1202, '30/9/33', '', '', ''),
(1203, '30/9/43', '', '', ''),
(1204, '30/9/53', '', '', ''),
(1205, '30/9/3', '', '', ''),
(1206, '30/9/13', '', '', ''),
(1207, '30/9/23', '', '', ''),
(1208, '30/9/33', '', '', ''),
(1209, '30/9/43', '', '', ''),
(1210, '30/9/53', '', '', ''),
(1211, '30/9/3', '', '', ''),
(1212, '30/9/13', '', '', ''),
(1213, '30/9/23', '', '', ''),
(1214, '30/9/33', '', '', ''),
(1215, '30/9/43', '', '', ''),
(1216, '30/9/53', '', '', ''),
(1217, '30/9/3', '', '', ''),
(1218, '30/9/13', '', '', ''),
(1219, '30/9/39', '3', '26.8389507', '80.8872067'),
(1220, '30/9/49', '3', '26.8389507', '80.8872067'),
(1221, '30/9/59', '3', '26.8389507', '80.8872067'),
(1222, '30/9/9', '3', '26.8389507', '80.8872067'),
(1223, '30/9/19', '3', '26.8389507', '80.8872067'),
(1224, '30/9/29', '3', '26.8389507', '80.8872067'),
(1225, '30/9/39', '3', '26.8389507', '80.8872067'),
(1226, '30/9/49', '3', '26.8389507', '80.8872067'),
(1227, '30/9/59', '3', '26.8389507', '80.8872067'),
(1228, '30/9/9', '3', '26.8389507', '80.8872067'),
(1229, '30/9/19', '3', '26.8389507', '80.8872067'),
(1230, '30/9/29', '3', '26.8389507', '80.8872067'),
(1231, '30/9/39', '3', '26.8389507', '80.8872067'),
(1232, '30/9/49', '3', '26.8389507', '80.8872067'),
(1233, '30/9/59', '3', '26.8389507', '80.8872067'),
(1234, '30/9/9', '3', '26.8389507', '80.8872067'),
(1235, '30/9/19', '3', '26.8389507', '80.8872067'),
(1236, '30/9/29', '3', '26.8389507', '80.8872067'),
(1237, '30/9/39', '3', '26.8389507', '80.8872067'),
(1238, '30/9/59', '3', '26.8389507', '80.8872067'),
(1239, '30/9/9', '3', '26.8389507', '80.8872067'),
(1240, '30/9/19', '3', '26.8389507', '80.8872067'),
(1241, '30/9/29', '3', '26.8389507', '80.8872067'),
(1242, '30/9/39', '3', '26.8389507', '80.8872067'),
(1243, '30/9/49', '3', '26.8389507', '80.8872067'),
(1244, '30/9/59', '3', '26.8389507', '80.8872067'),
(1245, '30/9/9', '3', '26.8389507', '80.8872067'),
(1246, '30/9/19', '3', '26.8389507', '80.8872067'),
(1247, '30/9/29', '3', '26.8389507', '80.8872067'),
(1248, '30/9/39', '3', '26.8389507', '80.8872067'),
(1249, '30/9/49', '3', '26.8389507', '80.8872067'),
(1250, '30/9/59', '3', '26.8389507', '80.8872067'),
(1251, '30/9/9', '3', '26.8389507', '80.8872067'),
(1252, '30/9/19', '3', '26.8389507', '80.8872067'),
(1253, '30/9/29', '3', '26.8389507', '80.8872067'),
(1254, '30/9/39', '3', '26.8389507', '80.8872067'),
(1255, '30/9/49', '3', '26.8389507', '80.8872067'),
(1256, '30/9/59', '3', '26.8389507', '80.8872067'),
(1257, '30/9/9', '3', '26.8389507', '80.8872067'),
(1258, '30/9/19', '3', '26.8389507', '80.8872067'),
(1259, '30/9/29', '3', '26.8389507', '80.8872067'),
(1260, '30/9/39', '3', '26.8389507', '80.8872067'),
(1261, '30/9/49', '3', '26.8389507', '80.8872067'),
(1262, '30/9/59', '3', '26.8389507', '80.8872067'),
(1263, '30/9/9', '3', '26.8389507', '80.8872067'),
(1264, '30/9/19', '3', '26.8389507', '80.8872067'),
(1265, '30/9/29', '3', '26.8389507', '80.8872067'),
(1266, '30/9/39', '3', '26.8389507', '80.8872067'),
(1267, '30/9/49', '3', '26.8389507', '80.8872067'),
(1268, '30/9/59', '3', '26.8389507', '80.8872067'),
(1269, '30/9/9', '3', '26.8389507', '80.8872067'),
(1270, '30/9/19', '3', '26.8389507', '80.8872067'),
(1271, '30/9/29', '3', '26.8389507', '80.8872067'),
(1272, '30/9/39', '3', '26.8389507', '80.8872067'),
(1273, '30/9/49', '3', '26.8389507', '80.8872067'),
(1274, '30/9/59', '3', '26.8389507', '80.8872067'),
(1275, '30/9/9', '3', '26.8389507', '80.8872067'),
(1276, '30/9/19', '3', '26.8389507', '80.8872067'),
(1277, '30/9/29', '3', '26.8389507', '80.8872067'),
(1278, '30/9/39', '3', '26.8389507', '80.8872067'),
(1279, '30/9/22', '3', '26.8389842', '80.8871577'),
(1280, '30/9/32', '3', '26.8389842', '80.8871577'),
(1281, '30/9/42', '3', '26.8389842', '80.8871577'),
(1282, '30/9/52', '3', '26.8389842', '80.8871577'),
(1283, '30/9/2', '3', '26.8389842', '80.8871577'),
(1284, '30/9/12', '3', '26.8389842', '80.8871577'),
(1285, '30/9/22', '3', '26.8389842', '80.8871577'),
(1286, '30/9/32', '3', '26.8389842', '80.8871577'),
(1287, '30/9/42', '3', '26.8389842', '80.8871577'),
(1288, '30/9/52', '3', '26.8389842', '80.8871577'),
(1289, '30/9/2', '3', '26.8389842', '80.8871577'),
(1290, '30/9/12', '3', '26.8389842', '80.8871577'),
(1291, '30/9/22', '3', '26.8389842', '80.8871577'),
(1292, '30/9/32', '3', '26.8389842', '80.8871577'),
(1293, '30/9/42', '3', '26.8389842', '80.8871577'),
(1294, '30/9/52', '3', '26.8389842', '80.8871577'),
(1295, '30/9/2', '3', '26.8389842', '80.8871577'),
(1296, '30/9/12', '3', '26.8389842', '80.8871577'),
(1297, '30/9/22', '3', '26.8389842', '80.8871577'),
(1298, '30/9/32', '3', '26.8389842', '80.8871577'),
(1299, '30/9/42', '3', '26.8389842', '80.8871577'),
(1300, '30/9/52', '3', '26.8389842', '80.8871577'),
(1301, '30/9/2', '3', '26.8389842', '80.8871577'),
(1302, '30/9/12', '3', '26.8389842', '80.8871577'),
(1303, '30/9/22', '3', '26.8389842', '80.8871577'),
(1304, '30/9/32', '3', '26.8389842', '80.8871577'),
(1305, '30/9/42', '3', '26.8389842', '80.8871577'),
(1306, '30/9/52', '3', '26.8389842', '80.8871577'),
(1307, '30/9/2', '3', '26.8389842', '80.8871577'),
(1308, '30/9/12', '3', '26.8389842', '80.8871577'),
(1309, '30/9/22', '3', '26.8389842', '80.8871577'),
(1310, '30/9/32', '3', '26.8389842', '80.8871577'),
(1311, '30/9/42', '3', '26.8389842', '80.8871577'),
(1312, '30/9/52', '3', '26.8389842', '80.8871577'),
(1313, '30/9/2', '3', '26.8389842', '80.8871577'),
(1314, '30/9/12', '3', '26.8389842', '80.8871577'),
(1315, '30/9/22', '3', '26.8389842', '80.8871577'),
(1316, '30/9/32', '3', '26.8389842', '80.8871577'),
(1317, '30/9/42', '3', '26.8389842', '80.8871577'),
(1318, '30/9/52', '3', '26.8389842', '80.8871577'),
(1319, '30/9/2', '3', '26.8389842', '80.8871577'),
(1320, '30/9/12', '3', '26.8389842', '80.8871577'),
(1321, '30/9/22', '3', '26.8389842', '80.8871577'),
(1322, '30/9/32', '3', '26.8389842', '80.8871577'),
(1323, '30/9/42', '3', '26.8389842', '80.8871577'),
(1324, '30/9/52', '3', '26.8389842', '80.8871577'),
(1325, '30/9/2', '3', '26.8389842', '80.8871577'),
(1326, '30/9/12', '3', '26.8389842', '80.8871577'),
(1327, '30/9/22', '3', '26.8389842', '80.8871577'),
(1328, '30/9/32', '3', '26.8389842', '80.8871577'),
(1329, '30/9/42', '3', '26.8389842', '80.8871577'),
(1330, '30/9/52', '3', '26.8389842', '80.8871577'),
(1331, '30/9/2', '3', '26.8389842', '80.8871577'),
(1332, '30/9/12', '3', '26.8389842', '80.8871577'),
(1333, '30/9/22', '3', '26.8389842', '80.8871577'),
(1334, '30/9/32', '3', '26.8389842', '80.8871577'),
(1335, '30/9/42', '3', '26.8389842', '80.8871577'),
(1336, '30/9/52', '3', '26.8389842', '80.8871577'),
(1337, '30/9/2', '3', '26.8389842', '80.8871577'),
(1338, '30/9/12', '3', '26.8389842', '80.8871577'),
(1339, '30/9/22', '3', '26.8389842', '80.8871577'),
(1340, '30/9/32', '3', '26.8389842', '80.8871577'),
(1341, '30/9/42', '3', '26.8389842', '80.8871577'),
(1342, '30/9/52', '3', '26.8389842', '80.8871577'),
(1343, '30/9/2', '3', '26.8389842', '80.8871577'),
(1344, '30/9/12', '3', '26.8389842', '80.8871577'),
(1345, '30/9/22', '3', '26.8389842', '80.8871577'),
(1346, '30/9/32', '3', '26.8389842', '80.8871577'),
(1347, '30/9/42', '3', '26.8389842', '80.8871577'),
(1348, '30/9/52', '3', '26.8389842', '80.8871577'),
(1349, '30/9/2', '3', '26.8389842', '80.8871577'),
(1350, '30/9/12', '3', '26.8389842', '80.8871577'),
(1351, '30/9/22', '3', '26.8389842', '80.8871577'),
(1352, '30/9/32', '3', '26.8389842', '80.8871577'),
(1353, '30/9/42', '3', '26.8389842', '80.8871577'),
(1354, '30/9/52', '3', '26.8389842', '80.8871577'),
(1355, '30/9/2', '3', '26.8389842', '80.8871577'),
(1356, '30/9/12', '3', '26.8389842', '80.8871577'),
(1357, '30/9/22', '3', '26.8389842', '80.8871577'),
(1358, '30/9/32', '3', '26.8389842', '80.8871577'),
(1359, '30/9/42', '3', '26.8389842', '80.8871577'),
(1360, '30/9/52', '3', '26.8389842', '80.8871577'),
(1361, '30/9/2', '3', '26.8389842', '80.8871577'),
(1362, '30/9/12', '3', '26.8389842', '80.8871577'),
(1363, '30/9/22', '3', '26.8389842', '80.8871577'),
(1364, '30/9/32', '3', '26.8389842', '80.8871577'),
(1365, '30/9/42', '3', '26.8389842', '80.8871577'),
(1366, '30/9/52', '3', '26.8389842', '80.8871577'),
(1367, '30/9/8', '3', '26.8389622', '80.887177'),
(1368, '30/9/18', '3', '26.8389622', '80.887177'),
(1369, '30/9/28', '3', '26.8389622', '80.887177'),
(1370, '30/9/38', '3', '26.8389622', '80.887177'),
(1371, '30/9/48', '3', '26.8389622', '80.887177'),
(1372, '30/9/58', '3', '26.8389622', '80.887177'),
(1373, '30/9/8', '3', '26.8389622', '80.887177'),
(1374, '30/9/18', '3', '26.8389622', '80.887177'),
(1375, '30/9/28', '3', '26.8389622', '80.887177'),
(1376, '30/9/38', '3', '26.8389622', '80.887177'),
(1377, '30/9/48', '3', '26.8389622', '80.887177'),
(1378, '30/9/58', '3', '26.8389622', '80.887177'),
(1379, '30/9/8', '3', '26.8389622', '80.887177'),
(1380, '30/9/18', '3', '26.8389622', '80.887177'),
(1381, '30/9/28', '3', '26.8389622', '80.887177'),
(1382, '30/9/38', '3', '26.8389622', '80.887177'),
(1383, '30/9/48', '3', '26.8389622', '80.887177'),
(1384, '30/9/58', '3', '26.8389622', '80.887177'),
(1385, '30/9/8', '3', '26.8389622', '80.887177'),
(1386, '30/9/18', '3', '26.8389622', '80.887177'),
(1387, '30/9/28', '3', '26.8389622', '80.887177'),
(1388, '30/9/38', '3', '26.8389622', '80.887177'),
(1389, '30/9/48', '3', '26.8389622', '80.887177'),
(1390, '30/9/58', '3', '26.8389622', '80.887177'),
(1391, '30/9/8', '3', '26.8389622', '80.887177'),
(1392, '30/9/18', '3', '26.8389622', '80.887177'),
(1393, '30/9/28', '3', '26.8389622', '80.887177'),
(1394, '30/9/38', '3', '26.8389622', '80.887177'),
(1395, '30/9/38', '3', '26.8389622', '80.887177'),
(1396, '30/9/8', '3', '26.8389622', '80.887177'),
(1397, '30/9/28', '3', '26.8389622', '80.887177'),
(1398, '30/9/58', '3', '26.8389622', '80.887177'),
(1399, '30/9/48', '3', '26.8389622', '80.887177'),
(1400, '30/9/18', '3', '26.8389622', '80.887177'),
(1401, '30/9/48', '3', '26.8389622', '80.887177'),
(1402, '30/9/38', '3', '26.8389622', '80.887177'),
(1403, '30/9/58', '3', '26.8389622', '80.887177'),
(1404, '30/9/8', '3', '26.8389622', '80.887177'),
(1405, '30/9/8', '3', '26.8389622', '80.887177'),
(1406, '30/9/18', '3', '26.8389622', '80.887177'),
(1407, '30/9/28', '3', '26.8389622', '80.887177'),
(1408, '30/9/0', '', '', ''),
(1409, '30/9/47', '', '', ''),
(1410, '1/10/43', '1', '26.8389514', '80.8871889'),
(1411, '1/10/53', '1', '26.8389514', '80.8871889'),
(1412, '1/10/13', '1', '26.8389514', '80.8871889'),
(1413, '1/10/32', '3', '26.8389527', '80.8871882');

-- --------------------------------------------------------

--
-- Table structure for table `21_attendance_type`
--

CREATE TABLE `21_attendance_type` (
  `id` int(10) NOT NULL,
  `employee_id` varchar(100) NOT NULL,
  `date` varchar(100) NOT NULL,
  `time_stamp` text NOT NULL,
  `latitude` varchar(100) NOT NULL,
  `longitude` varchar(100) NOT NULL,
  `attendance_type` varchar(100) NOT NULL,
  `isfirst` int(11) NOT NULL,
  `islast` int(11) NOT NULL
) ENGINE=InnoDB DEFAULT CHARSET=utf8mb4;

--
-- Dumping data for table `21_attendance_type`
--

INSERT INTO `21_attendance_type` (`id`, `employee_id`, `date`, `time_stamp`, `latitude`, `longitude`, `attendance_type`, `isfirst`, `islast`) VALUES
(1, '1', '23/9/2022', '8:59:8', '127.211', '77.45', 'IN', 1, 0),
(2, '1', '23/9/2022', '9:59:8', '127.211', '77.45', 'OUT', 0, 0),
(3, '1', '23/9/2022', '11:59:8', '127.211', '77.45', 'IN', 0, 1),
(4, '1', '23/9/2022', '12:59:8', '127.211', '77.45', 'OUT', 0, 0),
(5, '2', '23/9/2022', '06:59:8', '127.211', '77.45', 'IN', 1, 0),
(6, '2', '23/9/2022', '07:59:8', '127.211', '77.45', 'OUT', 0, 0),
(7, '2', '23/9/2022', '08:59:8', '127.211', '77.45', 'IN', 0, 1),
(8, '2', '23/9/2022', '09:59:8', '127.211', '77.45', 'OUT', 0, 1),
(9, '3', '23/9/2022', '09:59:8', '127.211', '77.45', 'IN', 1, 0),
(10, '3', '23/9/2022', '10:59:8', '127.211', '77.45', 'OUT', 0, 0),
(11, '3', '23/9/2022', '11:00:8', '127.211', '77.45', 'IN', 0, 1),
(12, '3', '23/9/2022', '12:00:8', '127.211', '77.45', 'OUT', 0, 1),
(13, '7', '23/9/2022', '12:00:8', '127.211', '77.45', 'IN', 1, 0),
(14, '7', '23/9/2022', '12:01:8', '127.211', '77.45', 'OUT', 0, 0),
(15, '7', '23/9/2022', '12:02:8', '127.211', '77.45', 'IN', 0, 1),
(16, '7', '23/9/2022', '12:03:8', '127.211', '77.45', 'OUT', 0, 1),
(17, '6', '23/9/2022', ' 11:24:1', '', '', 'IN', 1, 0),
(18, '6', '23/9/2022', ' 11:24:39', '', '', 'OUT', 0, 1),
(19, '1', '23/9/2022', ' 12:10:20', '37.4219983', '-122.084', 'IN', 0, 1),
(20, '1', '23/9/2022', ' 12:11:5', '37.4219983', '-122.084', 'OUT', 0, 1),
(21, '1', '25/9/2022', ' 17:50:32', '23.1778156', '88.1038329', 'IN', 1, 0),
(22, '2', '25/9/2022', ' 17:51:22', '23.1778201', '88.1038213', 'IN', 1, 0),
(23, '1', '25/9/2022', ' 19:11:33', '23.1771005', '88.1040299', 'OUT', 0, 1),
(24, '2', '26/9/2022', ' 11:41:36', '37.4219983', '-122.084', 'IN', 1, 0),
(25, '2', '26/9/2022', ' 11:41:58', '37.4219983', '-122.084', 'OUT', 0, 1),
(26, '6', '26/9/2022', ' 12:0:45', '26.8389496', '80.8871866', 'IN', 1, 0),
(27, '2', '27/9/2022', ' 11:17:18', '37.4219983', '-122.084', 'IN', 1, 0),
(28, '2', '27/9/2022', ' 15:13:21', '37.421998333333335', '-122.084', 'OUT', 0, 1),
(29, '3', '28/9/2022', ' 9:56:56', '26.8389649', '80.8871809', 'IN', 1, 0),
(30, '3', '28/9/2022', ' 9:56:59', '26.8389649', '80.8871809', 'OUT', 0, 1),
(31, '7', '28/9/2022', ' 10:59:19', '22.5478489', '72.9236866', 'IN', 1, 0),
(32, '2', '28/9/2022', ' 11:2:52', '37.4219983', '-122.084', 'IN', 1, 0),
(33, '2', '28/9/2022', ' 11:9:31', '22.54754', '72.923865', 'OUT', 0, 1),
(34, '2', '28/9/2022', ' 18:8:6', '26.8390201', '80.8871542', 'IN', 0, 1),
(35, '1', '28/9/2022', ' 18:13:17', '26.838984', '80.8871643', 'IN', 1, 0),
(36, '3', '30/9/2022', ' 9:45:33', '26.8389781', '80.8871779', 'IN', 1, 0),
(37, '3', '30/9/2022', ' 9:46:47', '26.8389634', '80.8871768', 'OUT', 0, 1),
(38, '3', '30/9/2022', ' 9:47:6', '26.8389508', '80.8871844', 'IN', 0, 1);

--
-- Indexes for dumped tables
--

--
-- Indexes for table `01_superadmin_tbl`
--
ALTER TABLE `01_superadmin_tbl`
  ADD PRIMARY KEY (`id`);

--
-- Indexes for table `02_superadminloginhistory_tbl`
--
ALTER TABLE `02_superadminloginhistory_tbl`
  ADD PRIMARY KEY (`id`);

--
-- Indexes for table `03_admin_tbl`
--
ALTER TABLE `03_admin_tbl`
  ADD PRIMARY KEY (`id`);

--
-- Indexes for table `04_department_management`
--
ALTER TABLE `04_department_management`
  ADD PRIMARY KEY (`id`);

--
-- Indexes for table `05_employee_management`
--
ALTER TABLE `05_employee_management`
  ADD PRIMARY KEY (`id`);

--
-- Indexes for table `06_designation_management`
--
ALTER TABLE `06_designation_management`
  ADD PRIMARY KEY (`id`);

--
-- Indexes for table `07_leave_management`
--
ALTER TABLE `07_leave_management`
  ADD PRIMARY KEY (`id`);

--
-- Indexes for table `08_deative_reason_management`
--
ALTER TABLE `08_deative_reason_management`
  ADD PRIMARY KEY (`id`);

--
-- Indexes for table `09_public_holiday_ocassion`
--
ALTER TABLE `09_public_holiday_ocassion`
  ADD PRIMARY KEY (`id`);

--
-- Indexes for table `10_user_type`
--
ALTER TABLE `10_user_type`
  ADD PRIMARY KEY (`id`);

--
-- Indexes for table `11_shift_management`
--
ALTER TABLE `11_shift_management`
  ADD PRIMARY KEY (`id`);

--
-- Indexes for table `12_branch_management`
--
ALTER TABLE `12_branch_management`
  ADD PRIMARY KEY (`id`);

--
-- Indexes for table `13_employee`
--
ALTER TABLE `13_employee`
  ADD PRIMARY KEY (`id`);

--
-- Indexes for table `14_superadmin_token`
--
ALTER TABLE `14_superadmin_token`
  ADD PRIMARY KEY (`id`);

--
-- Indexes for table `15_branch_type_management`
--
ALTER TABLE `15_branch_type_management`
  ADD PRIMARY KEY (`id`);

--
-- Indexes for table `16_admin_token`
--
ALTER TABLE `16_admin_token`
  ADD PRIMARY KEY (`id`);

--
-- Indexes for table `17_notes`
--
ALTER TABLE `17_notes`
  ADD PRIMARY KEY (`id`);

--
-- Indexes for table `18_broadcast`
--
ALTER TABLE `18_broadcast`
  ADD PRIMARY KEY (`id`);

--
-- Indexes for table `019_leave_request`
--
ALTER TABLE `019_leave_request`
  ADD PRIMARY KEY (`id`);

--
-- Indexes for table `20_live_tracking`
--
ALTER TABLE `20_live_tracking`
  ADD PRIMARY KEY (`id`);

--
-- Indexes for table `21_attendance_type`
--
ALTER TABLE `21_attendance_type`
  ADD PRIMARY KEY (`id`);

--
-- AUTO_INCREMENT for dumped tables
--

--
-- AUTO_INCREMENT for table `01_superadmin_tbl`
--
ALTER TABLE `01_superadmin_tbl`
  MODIFY `id` int(11) NOT NULL AUTO_INCREMENT, AUTO_INCREMENT=2;

--
-- AUTO_INCREMENT for table `02_superadminloginhistory_tbl`
--
ALTER TABLE `02_superadminloginhistory_tbl`
  MODIFY `id` int(11) NOT NULL AUTO_INCREMENT, AUTO_INCREMENT=145;

--
-- AUTO_INCREMENT for table `03_admin_tbl`
--
ALTER TABLE `03_admin_tbl`
  MODIFY `id` int(11) NOT NULL AUTO_INCREMENT, AUTO_INCREMENT=3;

--
-- AUTO_INCREMENT for table `04_department_management`
--
ALTER TABLE `04_department_management`
  MODIFY `id` int(10) NOT NULL AUTO_INCREMENT, AUTO_INCREMENT=6;

--
-- AUTO_INCREMENT for table `05_employee_management`
--
ALTER TABLE `05_employee_management`
  MODIFY `id` int(10) NOT NULL AUTO_INCREMENT, AUTO_INCREMENT=4;

--
-- AUTO_INCREMENT for table `06_designation_management`
--
ALTER TABLE `06_designation_management`
  MODIFY `id` int(10) NOT NULL AUTO_INCREMENT, AUTO_INCREMENT=9;

--
-- AUTO_INCREMENT for table `07_leave_management`
--
ALTER TABLE `07_leave_management`
  MODIFY `id` int(10) NOT NULL AUTO_INCREMENT, AUTO_INCREMENT=5;

--
-- AUTO_INCREMENT for table `08_deative_reason_management`
--
ALTER TABLE `08_deative_reason_management`
  MODIFY `id` int(10) NOT NULL AUTO_INCREMENT, AUTO_INCREMENT=4;

--
-- AUTO_INCREMENT for table `09_public_holiday_ocassion`
--
ALTER TABLE `09_public_holiday_ocassion`
  MODIFY `id` int(10) NOT NULL AUTO_INCREMENT, AUTO_INCREMENT=115;

--
-- AUTO_INCREMENT for table `10_user_type`
--
ALTER TABLE `10_user_type`
  MODIFY `id` int(10) NOT NULL AUTO_INCREMENT, AUTO_INCREMENT=3;

--
-- AUTO_INCREMENT for table `11_shift_management`
--
ALTER TABLE `11_shift_management`
  MODIFY `id` int(10) NOT NULL AUTO_INCREMENT, AUTO_INCREMENT=3;

--
-- AUTO_INCREMENT for table `12_branch_management`
--
ALTER TABLE `12_branch_management`
  MODIFY `id` int(11) NOT NULL AUTO_INCREMENT, AUTO_INCREMENT=3;

--
-- AUTO_INCREMENT for table `13_employee`
--
ALTER TABLE `13_employee`
  MODIFY `id` int(10) NOT NULL AUTO_INCREMENT, AUTO_INCREMENT=8;

--
-- AUTO_INCREMENT for table `14_superadmin_token`
--
ALTER TABLE `14_superadmin_token`
  MODIFY `id` int(11) NOT NULL AUTO_INCREMENT, AUTO_INCREMENT=10;

--
-- AUTO_INCREMENT for table `15_branch_type_management`
--
ALTER TABLE `15_branch_type_management`
  MODIFY `id` int(11) NOT NULL AUTO_INCREMENT, AUTO_INCREMENT=17;

--
-- AUTO_INCREMENT for table `16_admin_token`
--
ALTER TABLE `16_admin_token`
  MODIFY `id` int(10) NOT NULL AUTO_INCREMENT;

--
-- AUTO_INCREMENT for table `17_notes`
--
ALTER TABLE `17_notes`
  MODIFY `id` int(10) NOT NULL AUTO_INCREMENT, AUTO_INCREMENT=14;

--
-- AUTO_INCREMENT for table `18_broadcast`
--
ALTER TABLE `18_broadcast`
  MODIFY `id` int(10) NOT NULL AUTO_INCREMENT, AUTO_INCREMENT=5;

--
-- AUTO_INCREMENT for table `019_leave_request`
--
ALTER TABLE `019_leave_request`
  MODIFY `id` int(10) NOT NULL AUTO_INCREMENT, AUTO_INCREMENT=29;

--
-- AUTO_INCREMENT for table `20_live_tracking`
--
ALTER TABLE `20_live_tracking`
  MODIFY `id` int(10) NOT NULL AUTO_INCREMENT, AUTO_INCREMENT=1414;

--
-- AUTO_INCREMENT for table `21_attendance_type`
--
ALTER TABLE `21_attendance_type`
  MODIFY `id` int(10) NOT NULL AUTO_INCREMENT, AUTO_INCREMENT=39;
COMMIT;

/*!40101 SET CHARACTER_SET_CLIENT=@OLD_CHARACTER_SET_CLIENT */;
/*!40101 SET CHARACTER_SET_RESULTS=@OLD_CHARACTER_SET_RESULTS */;
/*!40101 SET COLLATION_CONNECTION=@OLD_COLLATION_CONNECTION */;
